{
    "run_seed": 45,
    "metrics": {
        "BASELINE_Persistence_Overall_R2": 0.2432713313600643,
        "BASELINE_Persistence_No Rain (0mm)_R2": NaN,
        "BASELINE_Persistence_Mod (0-10mm)_R2": -27.80551228372531,
        "BASELINE_Persistence_Heavy (>10mm)_R2": 0.0006209879296583676,
        "BASELINE_Persistence_Overall_MAE": 8.968442916870117,
        "BASELINE_Persistence_No Rain (0mm)_MAE": 3.2638585567474365,
        "BASELINE_Persistence_Mod (0-10mm)_MAE": 8.744159698486328,
        "BASELINE_Persistence_Heavy (>10mm)_MAE": 24.32564353942871,
        "BASELINE_Persistence_Overall_MSE": 389.56732177734375,
        "BASELINE_Persistence_No Rain (0mm)_MSE": 83.99610137939453,
        "BASELINE_Persistence_Mod (0-10mm)_MSE": 213.50625610351562,
        "BASELINE_Persistence_Heavy (>10mm)_MSE": 1440.7796630859375,
        "BASELINE_Persistence_Overall_RMSE": 19.737459182739258,
        "BASELINE_Persistence_No Rain (0mm)_RMSE": 9.164938926696777,
        "BASELINE_Persistence_Mod (0-10mm)_RMSE": 14.61185359954834,
        "BASELINE_Persistence_Heavy (>10mm)_RMSE": 37.957603454589844,
        "BASELINE_Persistence_Overall_MAPE": 690.2044296264648,
        "BASELINE_Persistence_No Rain (0mm)_MAPE": NaN,
        "BASELINE_Persistence_Mod (0-10mm)_MAPE": 1142.2762870788574,
        "BASELINE_Persistence_Heavy (>10mm)_MAPE": 60.26827096939087,
        "BASELINE_Persistence_Overall_Bias": 0.010305477306246758,
        "BASELINE_Persistence_No Rain (0mm)_Bias": 3.2638585567474365,
        "BASELINE_Persistence_Mod (0-10mm)_Bias": 7.690000057220459,
        "BASELINE_Persistence_Heavy (>10mm)_Bias": -19.271486282348633,
        "BASELINE_Persistence_Overall_NSE": 0.2432713508605957,
        "BASELINE_Persistence_No Rain (0mm)_NSE": NaN,
        "BASELINE_Persistence_Mod (0-10mm)_NSE": -27.805511474609375,
        "BASELINE_Persistence_Heavy (>10mm)_NSE": 0.0006209015846252441,
        "BASELINE_Persistence_Overall_Samples": 2455,
        "BASELINE_Persistence_No Rain (0mm)_Samples": 1287,
        "BASELINE_Persistence_Mod (0-10mm)_Samples": 680,
        "BASELINE_Persistence_Heavy (>10mm)_Samples": 488,
        "BASELINE_Climatology_Overall_R2": -0.09891938581832749,
        "BASELINE_Climatology_No Rain (0mm)_R2": NaN,
        "BASELINE_Climatology_Mod (0-10mm)_R2": -0.37328402717229325,
        "BASELINE_Climatology_Heavy (>10mm)_R2": -0.9608004473667535,
        "BASELINE_Climatology_Overall_MAE": 8.758018493652344,
        "BASELINE_Climatology_No Rain (0mm)_MAE": 1.3785481452941895,
        "BASELINE_Climatology_Mod (0-10mm)_MAE": 2.3006982803344727,
        "BASELINE_Climatology_Heavy (>10mm)_MAE": 37.21776580810547,
        "BASELINE_Climatology_Overall_MSE": 565.7286376953125,
        "BASELINE_Climatology_No Rain (0mm)_MSE": 1.900395154953003,
        "BASELINE_Climatology_Mod (0-10mm)_MSE": 10.178771018981934,
        "BASELINE_Climatology_Heavy (>10mm)_MSE": 2826.836669921875,
        "BASELINE_Climatology_Overall_RMSE": 23.785051345825195,
        "BASELINE_Climatology_No Rain (0mm)_RMSE": 1.378548264503479,
        "BASELINE_Climatology_Mod (0-10mm)_RMSE": 3.1904187202453613,
        "BASELINE_Climatology_Heavy (>10mm)_RMSE": 53.16800308227539,
        "BASELINE_Climatology_Overall_MAPE": 132.5889229774475,
        "BASELINE_Climatology_No Rain (0mm)_MAPE": NaN,
        "BASELINE_Climatology_Mod (0-10mm)_MAPE": 160.36607027053833,
        "BASELINE_Climatology_Heavy (>10mm)_MAPE": 93.88308525085449,
        "BASELINE_Climatology_Overall_Bias": -7.136115550994873,
        "BASELINE_Climatology_No Rain (0mm)_Bias": 1.3785481452941895,
        "BASELINE_Climatology_Mod (0-10mm)_Bias": -1.6633636951446533,
        "BASELINE_Climatology_Heavy (>10mm)_Bias": -37.21776580810547,
        "BASELINE_Climatology_Overall_NSE": -0.09891939163208008,
        "BASELINE_Climatology_No Rain (0mm)_NSE": NaN,
        "BASELINE_Climatology_Mod (0-10mm)_NSE": -0.3732839822769165,
        "BASELINE_Climatology_Heavy (>10mm)_NSE": -0.9608004093170166,
        "BASELINE_Climatology_Overall_Samples": 2455,
        "BASELINE_Climatology_No Rain (0mm)_Samples": 1287,
        "BASELINE_Climatology_Mod (0-10mm)_Samples": 680,
        "BASELINE_Climatology_Heavy (>10mm)_Samples": 488,
        "ABL_TCN_Gated_Overall_R2": 0.9573888395969335,
        "ABL_TCN_Gated_No Rain (0mm)_R2": NaN,
        "ABL_TCN_Gated_Mod (0-10mm)_R2": -0.28031565206255227,
        "ABL_TCN_Gated_Heavy (>10mm)_R2": 0.9329666648878123,
        "ABL_TCN_Gated_Overall_MAE": 1.5416651955832097,
        "ABL_TCN_Gated_No Rain (0mm)_MAE": 0.10294142194866937,
        "ABL_TCN_Gated_Mod (0-10mm)_MAE": 1.5194634188152105,
        "ABL_TCN_Gated_Heavy (>10mm)_MAE": 5.366941230152664,
        "ABL_TCN_Gated_Overall_MSE": 21.936415508229576,
        "ABL_TCN_Gated_No Rain (0mm)_MSE": 0.18683400508464143,
        "ABL_TCN_Gated_Mod (0-10mm)_MSE": 9.489690976480555,
        "ABL_TCN_Gated_Heavy (>10mm)_MSE": 96.64027631998546,
        "ABL_TCN_Gated_Overall_RMSE": 4.683632725591277,
        "ABL_TCN_Gated_No Rain (0mm)_RMSE": 0.43224299310068803,
        "ABL_TCN_Gated_Mod (0-10mm)_RMSE": 3.0805342031018834,
        "ABL_TCN_Gated_Heavy (>10mm)_RMSE": 9.830578636071504,
        "ABL_TCN_Gated_Overall_MAPE": 57.53981149204187,
        "ABL_TCN_Gated_No Rain (0mm)_MAPE": NaN,
        "ABL_TCN_Gated_Mod (0-10mm)_MAPE": 86.23606219530907,
        "ABL_TCN_Gated_Heavy (>10mm)_MAPE": 17.55323264322691,
        "ABL_TCN_Gated_Overall_Bias": -0.24533300559387597,
        "ABL_TCN_Gated_No Rain (0mm)_Bias": 0.10294142194866937,
        "ABL_TCN_Gated_Mod (0-10mm)_Bias": -0.7681158720041076,
        "ABL_TCN_Gated_Heavy (>10mm)_Bias": -0.43536751192235623,
        "ABL_TCN_Gated_Overall_NSE": 0.9573888411373993,
        "ABL_TCN_Gated_No Rain (0mm)_NSE": NaN,
        "ABL_TCN_Gated_Mod (0-10mm)_NSE": -0.28031568749779656,
        "ABL_TCN_Gated_Heavy (>10mm)_NSE": 0.9329666614602578,
        "ABL_TCN_Gated_Overall_Samples": 2455,
        "ABL_TCN_Gated_No Rain (0mm)_Samples": 1287,
        "ABL_TCN_Gated_Mod (0-10mm)_Samples": 680,
        "ABL_TCN_Gated_Heavy (>10mm)_Samples": 488,
        "ABL_TCN_Direct_Overall_R2": 0.9577717374977706,
        "ABL_TCN_Direct_No Rain (0mm)_R2": NaN,
        "ABL_TCN_Direct_Mod (0-10mm)_R2": -0.21607909656073665,
        "ABL_TCN_Direct_Heavy (>10mm)_R2": 0.933319999563459,
        "ABL_TCN_Direct_Overall_MAE": 1.5664994716644287,
        "ABL_TCN_Direct_No Rain (0mm)_MAE": 0.2025473713874817,
        "ABL_TCN_Direct_Mod (0-10mm)_MAE": 1.4347608089447021,
        "ABL_TCN_Direct_Heavy (>10mm)_MAE": 5.347214698791504,
        "ABL_TCN_Direct_Overall_MSE": 21.739299774169922,
        "ABL_TCN_Direct_No Rain (0mm)_MSE": 0.25553858280181885,
        "ABL_TCN_Direct_Mod (0-10mm)_MSE": 9.013569831848145,
        "ABL_TCN_Direct_Heavy (>10mm)_MSE": 96.13088989257812,
        "ABL_TCN_Direct_Overall_RMSE": 4.662542343139648,
        "ABL_TCN_Direct_No Rain (0mm)_RMSE": 0.5055082440376282,
        "ABL_TCN_Direct_Mod (0-10mm)_RMSE": 3.002260684967041,
        "ABL_TCN_Direct_Heavy (>10mm)_RMSE": 9.804636001586914,
        "ABL_TCN_Direct_Overall_MAPE": 59.94693040847778,
        "ABL_TCN_Direct_No Rain (0mm)_MAPE": NaN,
        "ABL_TCN_Direct_Mod (0-10mm)_MAPE": 90.47611951828003,
        "ABL_TCN_Direct_Heavy (>10mm)_MAPE": 17.406250536441803,
        "ABL_TCN_Direct_Overall_Bias": -0.13348621129989624,
        "ABL_TCN_Direct_No Rain (0mm)_Bias": 0.2025473713874817,
        "ABL_TCN_Direct_Mod (0-10mm)_Bias": -0.5731456279754639,
        "ABL_TCN_Direct_Heavy (>10mm)_Bias": -0.40706542134284973,
        "ABL_TCN_Direct_Overall_NSE": 0.9577717371284962,
        "ABL_TCN_Direct_No Rain (0mm)_NSE": NaN,
        "ABL_TCN_Direct_Mod (0-10mm)_NSE": -0.21607911586761475,
        "ABL_TCN_Direct_Heavy (>10mm)_NSE": 0.9333199933171272,
        "ABL_TCN_Direct_Overall_Samples": 2455,
        "ABL_TCN_Direct_No Rain (0mm)_Samples": 1287,
        "ABL_TCN_Direct_Mod (0-10mm)_Samples": 680,