{
    "run_seed": 44,
    "metrics": {
        "BASELINE_Persistence_Overall_R2": 0.2432713313600643,
        "BASELINE_Persistence_No Rain (0mm)_R2": NaN,
        "BASELINE_Persistence_Mod (0-10mm)_R2": -27.80551228372531,
        "BASELINE_Persistence_Heavy (>10mm)_R2": 0.0006209879296583676,
        "BASELINE_Persistence_Overall_MAE": 8.968442916870117,
        "BASELINE_Persistence_No Rain (0mm)_MAE": 3.2638585567474365,
        "BASELINE_Persistence_Mod (0-10mm)_MAE": 8.744159698486328,
        "BASELINE_Persistence_Heavy (>10mm)_MAE": 24.32564353942871,
        "BASELINE_Persistence_Overall_MSE": 389.56732177734375,
        "BASELINE_Persistence_No Rain (0mm)_MSE": 83.99610137939453,
        "BASELINE_Persistence_Mod (0-10mm)_MSE": 213.50625610351562,
        "BASELINE_Persistence_Heavy (>10mm)_MSE": 1440.7796630859375,
        "BASELINE_Persistence_Overall_RMSE": 19.737459182739258,
        "BASELINE_Persistence_No Rain (0mm)_RMSE": 9.164938926696777,
        "BASELINE_Persistence_Mod (0-10mm)_RMSE": 14.61185359954834,
        "BASELINE_Persistence_Heavy (>10mm)_RMSE": 37.957603454589844,
        "BASELINE_Persistence_Overall_MAPE": 690.2044296264648,
        "BASELINE_Persistence_No Rain (0mm)_MAPE": NaN,
        "BASELINE_Persistence_Mod (0-10mm)_MAPE": 1142.2762870788574,
        "BASELINE_Persistence_Heavy (>10mm)_MAPE": 60.26827096939087,
        "BASELINE_Persistence_Overall_Bias": 0.010305477306246758,
        "BASELINE_Persistence_No Rain (0mm)_Bias": 3.2638585567474365,
        "BASELINE_Persistence_Mod (0-10mm)_Bias": 7.690000057220459,
        "BASELINE_Persistence_Heavy (>10mm)_Bias": -19.271486282348633,
        "BASELINE_Persistence_Overall_NSE": 0.2432713508605957,
        "BASELINE_Persistence_No Rain (0mm)_NSE": NaN,
        "BASELINE_Persistence_Mod (0-10mm)_NSE": -27.805511474609375,
        "BASELINE_Persistence_Heavy (>10mm)_NSE": 0.0006209015846252441,
        "BASELINE_Persistence_Overall_Samples": 2455,
        "BASELINE_Persistence_No Rain (0mm)_Samples": 1287,
        "BASELINE_Persistence_Mod (0-10mm)_Samples": 680,
        "BASELINE_Persistence_Heavy (>10mm)_Samples": 488,
        "BASELINE_Climatology_Overall_R2": -0.09891938581832749,
        "BASELINE_Climatology_No Rain (0mm)_R2": NaN,
        "BASELINE_Climatology_Mod (0-10mm)_R2": -0.37328402717229325,
        "BASELINE_Climatology_Heavy (>10mm)_R2": -0.9608004473667535,
        "BASELINE_Climatology_Overall_MAE": 8.758018493652344,
        "BASELINE_Climatology_No Rain (0mm)_MAE": 1.3785481452941895,
        "BASELINE_Climatology_Mod (0-10mm)_MAE": 2.3006982803344727,
        "BASELINE_Climatology_Heavy (>10mm)_MAE": 37.21776580810547,
        "BASELINE_Climatology_Overall_MSE": 565.7286376953125,
        "BASELINE_Climatology_No Rain (0mm)_MSE": 1.900395154953003,
        "BASELINE_Climatology_Mod (0-10mm)_MSE": 10.178771018981934,
        "BASELINE_Climatology_Heavy (>10mm)_MSE": 2826.836669921875,
        "BASELINE_Climatology_Overall_RMSE": 23.785051345825195,
        "BASELINE_Climatology_No Rain (0mm)_RMSE": 1.378548264503479,
        "BASELINE_Climatology_Mod (0-10mm)_RMSE": 3.1904187202453613,
        "BASELINE_Climatology_Heavy (>10mm)_RMSE": 53.16800308227539,
        "BASELINE_Climatology_Overall_MAPE": 132.5889229774475,
        "BASELINE_Climatology_No Rain (0mm)_MAPE": NaN,
        "BASELINE_Climatology_Mod (0-10mm)_MAPE": 160.36607027053833,
        "BASELINE_Climatology_Heavy (>10mm)_MAPE": 93.88308525085449,
        "BASELINE_Climatology_Overall_Bias": -7.136115550994873,
        "BASELINE_Climatology_No Rain (0mm)_Bias": 1.3785481452941895,
        "BASELINE_Climatology_Mod (0-10mm)_Bias": -1.6633636951446533,
        "BASELINE_Climatology_Heavy (>10mm)_Bias": -37.21776580810547,
        "BASELINE_Climatology_Overall_NSE": -0.09891939163208008,
        "BASELINE_Climatology_No Rain (0mm)_NSE": NaN,
        "BASELINE_Climatology_Mod (0-10mm)_NSE": -0.3732839822769165,
        "BASELINE_Climatology_Heavy (>10mm)_NSE": -0.9608004093170166,
        "BASELINE_Climatology_Overall_Samples": 2455,
        "BASELINE_Climatology_No Rain (0mm)_Samples": 1287,
        "BASELINE_Climatology_Mod (0-10mm)_Samples": 680,
        "BASELINE_Climatology_Heavy (>10mm)_Samples": 488,
        "ABL_TCN_Gated_Overall_R2": 0.9526115710385084,
        "ABL_TCN_Gated_No Rain (0mm)_R2": NaN,
        "ABL_TCN_Gated_Mod (0-10mm)_R2": -0.298983299595988,
        "ABL_TCN_Gated_Heavy (>10mm)_R2": 0.9243618524646589,
        "ABL_TCN_Gated_Overall_MAE": 1.588507690710635,
        "ABL_TCN_Gated_No Rain (0mm)_MAE": 0.07285895515174734,
        "ABL_TCN_Gated_Mod (0-10mm)_MAE": 1.6913665795457966,
        "ABL_TCN_Gated_Heavy (>10mm)_MAE": 5.442392687137639,
        "ABL_TCN_Gated_Overall_MSE": 24.395774678473487,
        "ABL_TCN_Gated_No Rain (0mm)_MSE": 0.10123338495303026,
        "ABL_TCN_Gated_Mod (0-10mm)_MSE": 9.628055454072298,
        "ABL_TCN_Gated_Heavy (>10mm)_MSE": 109.0456183615752,
        "ABL_TCN_Gated_Overall_RMSE": 4.9392078999039395,
        "ABL_TCN_Gated_No Rain (0mm)_RMSE": 0.3181719424352661,
        "ABL_TCN_Gated_Mod (0-10mm)_RMSE": 3.102910803434784,
        "ABL_TCN_Gated_Heavy (>10mm)_RMSE": 10.44249100366264,
        "ABL_TCN_Gated_Overall_MAPE": 58.23774412068872,
        "ABL_TCN_Gated_No Rain (0mm)_MAPE": NaN,
        "ABL_TCN_Gated_Mod (0-10mm)_MAPE": 88.07343061188817,
        "ABL_TCN_Gated_Heavy (>10mm)_MAPE": 16.663426878853432,
        "ABL_TCN_Gated_Overall_Bias": -0.7503474755115148,
        "ABL_TCN_Gated_No Rain (0mm)_Bias": 0.07285895515174734,
        "ABL_TCN_Gated_Mod (0-10mm)_Bias": -1.3146462376380628,
        "ABL_TCN_Gated_Heavy (>10mm)_Bias": -2.1350677993180014,
        "ABL_TCN_Gated_Overall_NSE": 0.9526115727516804,
        "ABL_TCN_Gated_No Rain (0mm)_NSE": NaN,
        "ABL_TCN_Gated_Mod (0-10mm)_NSE": -0.29898333554789613,
        "ABL_TCN_Gated_Heavy (>10mm)_NSE": 0.9243618485971223,
        "ABL_TCN_Gated_Overall_Samples": 2455,
        "ABL_TCN_Gated_No Rain (0mm)_Samples": 1287,
        "ABL_TCN_Gated_Mod (0-10mm)_Samples": 680,
        "ABL_TCN_Gated_Heavy (>10mm)_Samples": 488,
        "ABL_TCN_Direct_Overall_R2": 0.9532452371800445,
        "ABL_TCN_Direct_No Rain (0mm)_R2": NaN,
        "ABL_TCN_Direct_Mod (0-10mm)_R2": -0.20805364609381694,
        "ABL_TCN_Direct_Heavy (>10mm)_R2": 0.9249562273924054,
        "ABL_TCN_Direct_Overall_MAE": 1.5827810764312744,
        "ABL_TCN_Direct_No Rain (0mm)_MAE": 0.14164263010025024,
        "ABL_TCN_Direct_Mod (0-10mm)_MAE": 1.5661028623580933,
        "ABL_TCN_Direct_Heavy (>10mm)_MAE": 5.406728744506836,
        "ABL_TCN_Direct_Overall_MSE": 24.06955909729004,
        "ABL_TCN_Direct_No Rain (0mm)_MSE": 0.15998147428035736,
        "ABL_TCN_Direct_Mod (0-10mm)_MSE": 8.954085350036621,
        "ABL_TCN_Direct_Heavy (>10mm)_MSE": 108.18872833251953,
        "ABL_TCN_Direct_Overall_RMSE": 4.906073570251465,
        "ABL_TCN_Direct_No Rain (0mm)_RMSE": 0.39997684955596924,
        "ABL_TCN_Direct_Mod (0-10mm)_RMSE": 2.992337703704834,
        "ABL_TCN_Direct_Heavy (>10mm)_RMSE": 10.401381492614746,
        "ABL_TCN_Direct_Overall_MAPE": 58.83866548538208,
        "ABL_TCN_Direct_No Rain (0mm)_MAPE": NaN,
        "ABL_TCN_Direct_Mod (0-10mm)_MAPE": 89.26624059677124,
        "ABL_TCN_Direct_Heavy (>10mm)_MAPE": 16.439563035964966,
        "ABL_TCN_Direct_Overall_Bias": -0.6447979211807251,
        "ABL_TCN_Direct_No Rain (0mm)_Bias": 0.14164263010025024,
        "ABL_TCN_Direct_Mod (0-10mm)_Bias": -1.104490041732788,
        "ABL_TCN_Direct_Heavy (>10mm)_Bias": -2.0783188343048096,
        "ABL_TCN_Direct_Overall_NSE": 0.9532452449202538,
        "ABL_TCN_Direct_No Rain (0mm)_NSE": NaN,
        "ABL_TCN_Direct_Mod (0-10mm)_NSE": -0.20805370807647705,
        "ABL_TCN_Direct_Heavy (>10mm)_NSE": 0.9249562248587608,
        "ABL_TCN_Direct_Overall_Samples": 2455,
        "ABL_TCN_Direct_No Rain (0mm)_Samples": 1287,
        "ABL_TCN_Direct_Mod (0-10mm)_Samples": 680,