{
    "run_seed": 43,
    "metrics": {
        "BASELINE_Persistence_Overall_R2": 0.2432713313600643,
        "BASELINE_Persistence_No Rain (0mm)_R2": NaN,
        "BASELINE_Persistence_Mod (0-10mm)_R2": -27.80551228372531,
        "BASELINE_Persistence_Heavy (>10mm)_R2": 0.0006209879296583676,
        "BASELINE_Persistence_Overall_MAE": 8.968442916870117,
        "BASELINE_Persistence_No Rain (0mm)_MAE": 3.2638585567474365,
        "BASELINE_Persistence_Mod (0-10mm)_MAE": 8.744159698486328,
        "BASELINE_Persistence_Heavy (>10mm)_MAE": 24.32564353942871,
        "BASELINE_Persistence_Overall_MSE": 389.56732177734375,
        "BASELINE_Persistence_No Rain (0mm)_MSE": 83.99610137939453,
        "BASELINE_Persistence_Mod (0-10mm)_MSE": 213.50625610351562,
        "BASELINE_Persistence_Heavy (>10mm)_MSE": 1440.7796630859375,
        "BASELINE_Persistence_Overall_RMSE": 19.737459182739258,
        "BASELINE_Persistence_No Rain (0mm)_RMSE": 9.164938926696777,
        "BASELINE_Persistence_Mod (0-10mm)_RMSE": 14.61185359954834,
        "BASELINE_Persistence_Heavy (>10mm)_RMSE": 37.957603454589844,
        "BASELINE_Persistence_Overall_MAPE": 690.2044296264648,
        "BASELINE_Persistence_No Rain (0mm)_MAPE": NaN,
        "BASELINE_Persistence_Mod (0-10mm)_MAPE": 1142.2762870788574,
        "BASELINE_Persistence_Heavy (>10mm)_MAPE": 60.26827096939087,
        "BASELINE_Persistence_Overall_Bias": 0.010305477306246758,
        "BASELINE_Persistence_No Rain (0mm)_Bias": 3.2638585567474365,
        "BASELINE_Persistence_Mod (0-10mm)_Bias": 7.690000057220459,
        "BASELINE_Persistence_Heavy (>10mm)_Bias": -19.271486282348633,
        "BASELINE_Persistence_Overall_NSE": 0.2432713508605957,
        "BASELINE_Persistence_No Rain (0mm)_NSE": NaN,
        "BASELINE_Persistence_Mod (0-10mm)_NSE": -27.805511474609375,
        "BASELINE_Persistence_Heavy (>10mm)_NSE": 0.0006209015846252441,
        "BASELINE_Persistence_Overall_Samples": 2455,
        "BASELINE_Persistence_No Rain (0mm)_Samples": 1287,
        "BASELINE_Persistence_Mod (0-10mm)_Samples": 680,
        "BASELINE_Persistence_Heavy (>10mm)_Samples": 488,
        "BASELINE_Climatology_Overall_R2": -0.09891938581832749,
        "BASELINE_Climatology_No Rain (0mm)_R2": NaN,
        "BASELINE_Climatology_Mod (0-10mm)_R2": -0.37328402717229325,
        "BASELINE_Climatology_Heavy (>10mm)_R2": -0.9608004473667535,
        "BASELINE_Climatology_Overall_MAE": 8.758018493652344,
        "BASELINE_Climatology_No Rain (0mm)_MAE": 1.3785481452941895,
        "BASELINE_Climatology_Mod (0-10mm)_MAE": 2.3006982803344727,
        "BASELINE_Climatology_Heavy (>10mm)_MAE": 37.21776580810547,
        "BASELINE_Climatology_Overall_MSE": 565.7286376953125,
        "BASELINE_Climatology_No Rain (0mm)_MSE": 1.900395154953003,
        "BASELINE_Climatology_Mod (0-10mm)_MSE": 10.178771018981934,
        "BASELINE_Climatology_Heavy (>10mm)_MSE": 2826.836669921875,
        "BASELINE_Climatology_Overall_RMSE": 23.785051345825195,
        "BASELINE_Climatology_No Rain (0mm)_RMSE": 1.378548264503479,
        "BASELINE_Climatology_Mod (0-10mm)_RMSE": 3.1904187202453613,
        "BASELINE_Climatology_Heavy (>10mm)_RMSE": 53.16800308227539,
        "BASELINE_Climatology_Overall_MAPE": 132.5889229774475,
        "BASELINE_Climatology_No Rain (0mm)_MAPE": NaN,
        "BASELINE_Climatology_Mod (0-10mm)_MAPE": 160.36607027053833,
        "BASELINE_Climatology_Heavy (>10mm)_MAPE": 93.88308525085449,
        "BASELINE_Climatology_Overall_Bias": -7.136115550994873,
        "BASELINE_Climatology_No Rain (0mm)_Bias": 1.3785481452941895,
        "BASELINE_Climatology_Mod (0-10mm)_Bias": -1.6633636951446533,
        "BASELINE_Climatology_Heavy (>10mm)_Bias": -37.21776580810547,
        "BASELINE_Climatology_Overall_NSE": -0.09891939163208008,
        "BASELINE_Climatology_No Rain (0mm)_NSE": NaN,
        "BASELINE_Climatology_Mod (0-10mm)_NSE": -0.3732839822769165,
        "BASELINE_Climatology_Heavy (>10mm)_NSE": -0.9608004093170166,
        "BASELINE_Climatology_Overall_Samples": 2455,
        "BASELINE_Climatology_No Rain (0mm)_Samples": 1287,
        "BASELINE_Climatology_Mod (0-10mm)_Samples": 680,
        "BASELINE_Climatology_Heavy (>10mm)_Samples": 488,
        "ABL_TCN_Gated_Overall_R2": 0.9479270014580214,
        "ABL_TCN_Gated_No Rain (0mm)_R2": NaN,
        "ABL_TCN_Gated_Mod (0-10mm)_R2": -0.30547546925122027,
        "ABL_TCN_Gated_Heavy (>10mm)_R2": 0.9159670364936514,
        "ABL_TCN_Gated_Overall_MAE": 1.5226083222351714,
        "ABL_TCN_Gated_No Rain (0mm)_MAE": 0.07279410728210128,
        "ABL_TCN_Gated_Mod (0-10mm)_MAE": 1.480955749010757,
        "ABL_TCN_Gated_Heavy (>10mm)_MAE": 5.404236691983537,
        "ABL_TCN_Gated_Overall_MSE": 26.80741200124816,
        "ABL_TCN_Gated_No Rain (0mm)_MSE": 0.08707760734473852,
        "ABL_TCN_Gated_Mod (0-10mm)_MSE": 9.676175371762742,
        "ABL_TCN_Gated_Heavy (>10mm)_MSE": 121.14821379019035,
        "ABL_TCN_Gated_Overall_RMSE": 5.177587469203022,
        "ABL_TCN_Gated_No Rain (0mm)_RMSE": 0.2950891515199068,
        "ABL_TCN_Gated_Mod (0-10mm)_RMSE": 3.110655135459851,
        "ABL_TCN_Gated_Heavy (>10mm)_RMSE": 11.006734928678457,
        "ABL_TCN_Gated_Overall_MAPE": 56.479648835450114,
        "ABL_TCN_Gated_No Rain (0mm)_MAPE": NaN,
        "ABL_TCN_Gated_Mod (0-10mm)_MAPE": 85.69307718852873,
        "ABL_TCN_Gated_Heavy (>10mm)_MAPE": 15.772412605750391,
        "ABL_TCN_Gated_Overall_Bias": -0.8394245826960318,
        "ABL_TCN_Gated_No Rain (0mm)_Bias": 0.07279410728210128,
        "ABL_TCN_Gated_Mod (0-10mm)_Bias": -0.976674794997416,
        "ABL_TCN_Gated_Heavy (>10mm)_Bias": -3.0539641516241387,
        "ABL_TCN_Gated_Overall_NSE": 0.9479270033405487,
        "ABL_TCN_Gated_No Rain (0mm)_NSE": NaN,
        "ABL_TCN_Gated_Mod (0-10mm)_NSE": -0.30547550538281176,
        "ABL_TCN_Gated_Heavy (>10mm)_NSE": 0.9159670321968703,
        "ABL_TCN_Gated_Overall_Samples": 2455,
        "ABL_TCN_Gated_No Rain (0mm)_Samples": 1287,
        "ABL_TCN_Gated_Mod (0-10mm)_Samples": 680,
        "ABL_TCN_Gated_Heavy (>10mm)_Samples": 488,
        "ABL_TCN_Direct_Overall_R2": 0.9484434991498288,
        "ABL_TCN_Direct_No Rain (0mm)_R2": NaN,
        "ABL_TCN_Direct_Mod (0-10mm)_R2": -0.2324024735632555,
        "ABL_TCN_Direct_Heavy (>10mm)_R2": 0.9164743480004487,
        "ABL_TCN_Direct_Overall_MAE": 1.5290305614471436,
        "ABL_TCN_Direct_No Rain (0mm)_MAE": 0.15074701607227325,
        "ABL_TCN_Direct_Mod (0-10mm)_MAE": 1.37766432762146,
        "ABL_TCN_Direct_Heavy (>10mm)_MAE": 5.3748908042907715,
        "ABL_TCN_Direct_Overall_MSE": 26.54151725769043,
        "ABL_TCN_Direct_No Rain (0mm)_MSE": 0.1433626413345337,
        "ABL_TCN_Direct_Mod (0-10mm)_MSE": 9.13455867767334,
        "ABL_TCN_Direct_Heavy (>10mm)_MSE": 120.41683197021484,
        "ABL_TCN_Direct_Overall_RMSE": 5.151845932006836,
        "ABL_TCN_Direct_No Rain (0mm)_RMSE": 0.3786326050758362,
        "ABL_TCN_Direct_Mod (0-10mm)_RMSE": 3.022343158721924,
        "ABL_TCN_Direct_Heavy (>10mm)_RMSE": 10.97346019744873,
        "ABL_TCN_Direct_Overall_MAPE": 57.70313739776611,
        "ABL_TCN_Direct_No Rain (0mm)_MAPE": NaN,
        "ABL_TCN_Direct_Mod (0-10mm)_MAPE": 87.92040944099426,
        "ABL_TCN_Direct_Heavy (>10mm)_MAPE": 15.597112476825714,
        "ABL_TCN_Direct_Overall_Bias": -0.7320247292518616,
        "ABL_TCN_Direct_No Rain (0mm)_Bias": 0.15074701607227325,
        "ABL_TCN_Direct_Mod (0-10mm)_Bias": -0.7695740461349487,
        "ABL_TCN_Direct_Heavy (>10mm)_Bias": -3.007831335067749,
        "ABL_TCN_Direct_Overall_NSE": 0.9484434984624386,
        "ABL_TCN_Direct_No Rain (0mm)_NSE": NaN,
        "ABL_TCN_Direct_Mod (0-10mm)_NSE": -0.23240256309509277,
        "ABL_TCN_Direct_Heavy (>10mm)_NSE": 0.916474349796772,
        "ABL_TCN_Direct_Overall_Samples": 2455,
        "ABL_TCN_Direct_No Rain (0mm)_Samples": 1287,
        "ABL_TCN_Direct_Mod (0-10mm)_Samples": 680,