{
    "run_seed": 46,
    "metrics": {
        "BASELINE_Persistence_Overall_R2": 0.2432713313600643,
        "BASELINE_Persistence_No Rain (0mm)_R2": NaN,
        "BASELINE_Persistence_Mod (0-10mm)_R2": -27.80551228372531,
        "BASELINE_Persistence_Heavy (>10mm)_R2": 0.0006209879296583676,
        "BASELINE_Persistence_Overall_MAE": 8.968442916870117,
        "BASELINE_Persistence_No Rain (0mm)_MAE": 3.2638585567474365,
        "BASELINE_Persistence_Mod (0-10mm)_MAE": 8.744159698486328,
        "BASELINE_Persistence_Heavy (>10mm)_MAE": 24.32564353942871,
        "BASELINE_Persistence_Overall_MSE": 389.56732177734375,
        "BASELINE_Persistence_No Rain (0mm)_MSE": 83.99610137939453,
        "BASELINE_Persistence_Mod (0-10mm)_MSE": 213.50625610351562,
        "BASELINE_Persistence_Heavy (>10mm)_MSE": 1440.7796630859375,
        "BASELINE_Persistence_Overall_RMSE": 19.737459182739258,
        "BASELINE_Persistence_No Rain (0mm)_RMSE": 9.164938926696777,
        "BASELINE_Persistence_Mod (0-10mm)_RMSE": 14.61185359954834,
        "BASELINE_Persistence_Heavy (>10mm)_RMSE": 37.957603454589844,
        "BASELINE_Persistence_Overall_MAPE": 690.2044296264648,
        "BASELINE_Persistence_No Rain (0mm)_MAPE": NaN,
        "BASELINE_Persistence_Mod (0-10mm)_MAPE": 1142.2762870788574,
        "BASELINE_Persistence_Heavy (>10mm)_MAPE": 60.26827096939087,
        "BASELINE_Persistence_Overall_Bias": 0.010305477306246758,
        "BASELINE_Persistence_No Rain (0mm)_Bias": 3.2638585567474365,
        "BASELINE_Persistence_Mod (0-10mm)_Bias": 7.690000057220459,
        "BASELINE_Persistence_Heavy (>10mm)_Bias": -19.271486282348633,
        "BASELINE_Persistence_Overall_NSE": 0.2432713508605957,
        "BASELINE_Persistence_No Rain (0mm)_NSE": NaN,
        "BASELINE_Persistence_Mod (0-10mm)_NSE": -27.805511474609375,
        "BASELINE_Persistence_Heavy (>10mm)_NSE": 0.0006209015846252441,
        "BASELINE_Persistence_Overall_Samples": 2455,
        "BASELINE_Persistence_No Rain (0mm)_Samples": 1287,
        "BASELINE_Persistence_Mod (0-10mm)_Samples": 680,
        "BASELINE_Persistence_Heavy (>10mm)_Samples": 488,
        "BASELINE_Climatology_Overall_R2": -0.09891938581832749,
        "BASELINE_Climatology_No Rain (0mm)_R2": NaN,
        "BASELINE_Climatology_Mod (0-10mm)_R2": -0.37328402717229325,
        "BASELINE_Climatology_Heavy (>10mm)_R2": -0.9608004473667535,
        "BASELINE_Climatology_Overall_MAE": 8.758018493652344,
        "BASELINE_Climatology_No Rain (0mm)_MAE": 1.3785481452941895,
        "BASELINE_Climatology_Mod (0-10mm)_MAE": 2.3006982803344727,
        "BASELINE_Climatology_Heavy (>10mm)_MAE": 37.21776580810547,
        "BASELINE_Climatology_Overall_MSE": 565.7286376953125,
        "BASELINE_Climatology_No Rain (0mm)_MSE": 1.900395154953003,
        "BASELINE_Climatology_Mod (0-10mm)_MSE": 10.178771018981934,
        "BASELINE_Climatology_Heavy (>10mm)_MSE": 2826.836669921875,
        "BASELINE_Climatology_Overall_RMSE": 23.785051345825195,
        "BASELINE_Climatology_No Rain (0mm)_RMSE": 1.378548264503479,
        "BASELINE_Climatology_Mod (0-10mm)_RMSE": 3.1904187202453613,
        "BASELINE_Climatology_Heavy (>10mm)_RMSE": 53.16800308227539,
        "BASELINE_Climatology_Overall_MAPE": 132.5889229774475,
        "BASELINE_Climatology_No Rain (0mm)_MAPE": NaN,
        "BASELINE_Climatology_Mod (0-10mm)_MAPE": 160.36607027053833,
        "BASELINE_Climatology_Heavy (>10mm)_MAPE": 93.88308525085449,
        "BASELINE_Climatology_Overall_Bias": -7.136115550994873,
        "BASELINE_Climatology_No Rain (0mm)_Bias": 1.3785481452941895,
        "BASELINE_Climatology_Mod (0-10mm)_Bias": -1.6633636951446533,
        "BASELINE_Climatology_Heavy (>10mm)_Bias": -37.21776580810547,
        "BASELINE_Climatology_Overall_NSE": -0.09891939163208008,
        "BASELINE_Climatology_No Rain (0mm)_NSE": NaN,
        "BASELINE_Climatology_Mod (0-10mm)_NSE": -0.3732839822769165,
        "BASELINE_Climatology_Heavy (>10mm)_NSE": -0.9608004093170166,
        "BASELINE_Climatology_Overall_Samples": 2455,
        "BASELINE_Climatology_No Rain (0mm)_Samples": 1287,
        "BASELINE_Climatology_Mod (0-10mm)_Samples": 680,
        "BASELINE_Climatology_Heavy (>10mm)_Samples": 488,
        "ABL_TCN_Gated_Overall_R2": 0.9613977221156866,
        "ABL_TCN_Gated_No Rain (0mm)_R2": NaN,
        "ABL_TCN_Gated_Mod (0-10mm)_R2": -0.2221674923610817,
        "ABL_TCN_Gated_Heavy (>10mm)_R2": 0.9395939132005721,
        "ABL_TCN_Gated_Overall_MAE": 1.4531491904203577,
        "ABL_TCN_Gated_No Rain (0mm)_MAE": 0.08784324990901476,
        "ABL_TCN_Gated_Mod (0-10mm)_MAE": 1.4631229130281025,
        "ABL_TCN_Gated_Heavy (>10mm)_MAE": 5.0399660225204235,
        "ABL_TCN_Gated_Overall_MSE": 19.872624899778607,
        "ABL_TCN_Gated_No Rain (0mm)_MSE": 0.10057644778680619,
        "ABL_TCN_Gated_Mod (0-10mm)_MSE": 9.058697209022469,
        "ABL_TCN_Gated_Heavy (>10mm)_MSE": 87.08593880844175,
        "ABL_TCN_Gated_Overall_RMSE": 4.45787223905964,
        "ABL_TCN_Gated_No Rain (0mm)_RMSE": 0.31713790026864686,
        "ABL_TCN_Gated_Mod (0-10mm)_RMSE": 3.0097669692224462,
        "ABL_TCN_Gated_Heavy (>10mm)_RMSE": 9.331984719685398,
        "ABL_TCN_Gated_Overall_MAPE": 56.20612421566319,
        "ABL_TCN_Gated_No Rain (0mm)_MAPE": NaN,
        "ABL_TCN_Gated_Mod (0-10mm)_MAPE": 85.15911516080492,
        "ABL_TCN_Gated_Heavy (>10mm)_MAPE": 15.861792570793574,
        "ABL_TCN_Gated_Overall_Bias": -0.9403263548122422,
        "ABL_TCN_Gated_No Rain (0mm)_Bias": 0.08784324990901476,
        "ABL_TCN_Gated_Mod (0-10mm)_Bias": -1.0230401667938778,
        "ABL_TCN_Gated_Heavy (>10mm)_Bias": -3.5366560456498353,
        "ABL_TCN_Gated_Overall_NSE": 0.9613977235112245,
        "ABL_TCN_Gated_No Rain (0mm)_NSE": NaN,
        "ABL_TCN_Gated_Mod (0-10mm)_NSE": -0.22216752618696178,
        "ABL_TCN_Gated_Heavy (>10mm)_NSE": 0.9395939101118825,
        "ABL_TCN_Gated_Overall_Samples": 2455,
        "ABL_TCN_Gated_No Rain (0mm)_Samples": 1287,
        "ABL_TCN_Gated_Mod (0-10mm)_Samples": 680,
        "ABL_TCN_Gated_Heavy (>10mm)_Samples": 488,
        "ABL_TCN_Direct_Overall_R2": 0.9617999797997002,
        "ABL_TCN_Direct_No Rain (0mm)_R2": NaN,
        "ABL_TCN_Direct_Mod (0-10mm)_R2": -0.15521753073906464,
        "ABL_TCN_Direct_Heavy (>10mm)_R2": 0.9399455902017024,
        "ABL_TCN_Direct_Overall_MAE": 1.4619053602218628,
        "ABL_TCN_Direct_No Rain (0mm)_MAE": 0.17281346023082733,
        "ABL_TCN_Direct_Mod (0-10mm)_MAE": 1.355148434638977,
        "ABL_TCN_Direct_Heavy (>10mm)_MAE": 5.010380744934082,
        "ABL_TCN_Direct_Overall_MSE": 19.665542602539062,
        "ABL_TCN_Direct_No Rain (0mm)_MSE": 0.1599896252155304,
        "ABL_TCN_Direct_Mod (0-10mm)_MSE": 8.562463760375977,
        "ABL_TCN_Direct_Heavy (>10mm)_MSE": 86.57893371582031,
        "ABL_TCN_Direct_Overall_RMSE": 4.434584617614746,
        "ABL_TCN_Direct_No Rain (0mm)_RMSE": 0.39998704195022583,
        "ABL_TCN_Direct_Mod (0-10mm)_RMSE": 2.92616868019104,
        "ABL_TCN_Direct_Heavy (>10mm)_RMSE": 9.304780006408691,
        "ABL_TCN_Direct_Overall_MAPE": 57.597506046295166,
        "ABL_TCN_Direct_No Rain (0mm)_MAPE": NaN,
        "ABL_TCN_Direct_Mod (0-10mm)_MAPE": 87.6769483089447,
        "ABL_TCN_Direct_Heavy (>10mm)_MAPE": 15.683521330356598,
        "ABL_TCN_Direct_Overall_Bias": -0.831895112991333,
        "ABL_TCN_Direct_No Rain (0mm)_Bias": 0.17281346023082733,
        "ABL_TCN_Direct_Mod (0-10mm)_Bias": -0.8214466571807861,
        "ABL_TCN_Direct_Heavy (>10mm)_Bias": -3.4961676597595215,
        "ABL_TCN_Direct_Overall_NSE": 0.9617999792098999,
        "ABL_TCN_Direct_No Rain (0mm)_NSE": NaN,
        "ABL_TCN_Direct_Mod (0-10mm)_NSE": -0.15521752834320068,
        "ABL_TCN_Direct_Heavy (>10mm)_NSE": 0.9399455897510052,
        "ABL_TCN_Direct_Overall_Samples": 2455,
        "ABL_TCN_Direct_No Rain (0mm)_Samples": 1287,
        "ABL_TCN_Direct_Mod (0-10mm)_Samples": 680,