{
    "run_seed": 46,
    "metrics": {
        "BASELINE_Persistence_Overall_MAE": 13.092509269714355,
        "BASELINE_Persistence_No Rain (0mm)_MAE": 5.459474563598633,
        "BASELINE_Persistence_Mod (0-10mm)_MAE": 13.980210304260254,
        "BASELINE_Persistence_Heavy (>10mm)_MAE": 29.05638885498047,
        "BASELINE_Persistence_Overall_RMSE": 25.421857833862305,
        "BASELINE_Persistence_No Rain (0mm)_RMSE": 12.213054656982422,
        "BASELINE_Persistence_Mod (0-10mm)_RMSE": 19.965978622436523,
        "BASELINE_Persistence_Heavy (>10mm)_RMSE": 43.58013916015625,
        "BASELINE_Persistence_Overall_R2": 0.28518705362219965,
        "BASELINE_Persistence_No Rain (0mm)_R2": NaN,
        "BASELINE_Persistence_Mod (0-10mm)_R2": -45.82876735284708,
        "BASELINE_Persistence_Heavy (>10mm)_R2": -0.03847826109841512,
        "BASELINE_Persistence_Overall_MAPE": 535.5219841003418,
        "BASELINE_Persistence_No Rain (0mm)_MAPE": NaN,
        "BASELINE_Persistence_Mod (0-10mm)_MAPE": 1213.1426811218262,
        "BASELINE_Persistence_Heavy (>10mm)_MAPE": 62.346673011779785,
        "BASELINE_Persistence_Overall_NSE": 0.2851870656013489,
        "BASELINE_Persistence_No Rain (0mm)_NSE": NaN,
        "BASELINE_Persistence_Mod (0-10mm)_NSE": -45.828765869140625,
        "BASELINE_Persistence_Heavy (>10mm)_NSE": -0.03847825527191162,
        "BASELINE_Persistence_Overall_Bias": 0.020754147320985794,
        "BASELINE_Persistence_No Rain (0mm)_Bias": 5.459474563598633,
        "BASELINE_Persistence_Mod (0-10mm)_Bias": 12.771682739257812,
        "BASELINE_Persistence_Heavy (>10mm)_Bias": -20.69940185546875,
        "BASELINE_Persistence_Overall_Samples": 2489,
        "BASELINE_Persistence_No Rain (0mm)_Samples": 1397,
        "BASELINE_Persistence_Mod (0-10mm)_Samples": 449,
        "BASELINE_Persistence_Heavy (>10mm)_Samples": 643,
        "BASELINE_Climatology_Overall_MAE": 13.48790168762207,
        "BASELINE_Climatology_No Rain (0mm)_MAE": 2.004506826400757,
        "BASELINE_Climatology_Mod (0-10mm)_MAE": 2.4632275104522705,
        "BASELINE_Climatology_Heavy (>10mm)_MAE": 46.135459899902344,
        "BASELINE_Climatology_Overall_RMSE": 32.03938293457031,
        "BASELINE_Climatology_No Rain (0mm)_RMSE": 2.0045065879821777,
        "BASELINE_Climatology_Mod (0-10mm)_RMSE": 3.2804315090179443,
        "BASELINE_Climatology_Heavy (>10mm)_RMSE": 62.907379150390625,
        "BASELINE_Climatology_Overall_R2": -0.13539276054052007,
        "BASELINE_Climatology_No Rain (0mm)_R2": NaN,
        "BASELINE_Climatology_Mod (0-10mm)_R2": -0.2641349405597484,
        "BASELINE_Climatology_Heavy (>10mm)_R2": -1.1638309732130954,
        "BASELINE_Climatology_Overall_MAPE": 123.06430339813232,
        "BASELINE_Climatology_No Rain (0mm)_MAPE": NaN,
        "BASELINE_Climatology_Mod (0-10mm)_MAPE": 166.77297353744507,
        "BASELINE_Climatology_Heavy (>10mm)_MAPE": 92.54300594329834,
        "BASELINE_Climatology_Overall_NSE": -0.13539278507232666,
        "BASELINE_Climatology_No Rain (0mm)_NSE": NaN,
        "BASELINE_Climatology_Mod (0-10mm)_NSE": -0.2641350030899048,
        "BASELINE_Climatology_Heavy (>10mm)_NSE": -1.1638309955596924,
        "BASELINE_Climatology_Overall_Bias": -11.06391429901123,
        "BASELINE_Climatology_No Rain (0mm)_Bias": 2.004506826400757,
        "BASELINE_Climatology_Mod (0-10mm)_Bias": -1.4995023012161255,
        "BASELINE_Climatology_Heavy (>10mm)_Bias": -46.135459899902344,
        "BASELINE_Climatology_Overall_Samples": 2489,
        "BASELINE_Climatology_No Rain (0mm)_Samples": 1397,
        "BASELINE_Climatology_Mod (0-10mm)_Samples": 449,
        "BASELINE_Climatology_Heavy (>10mm)_Samples": 643,
        "ABL_TCN_Gated_Overall_MAE": 2.142500513462566,
        "ABL_TCN_Gated_No Rain (0mm)_MAE": 0.1543202981768738,
        "ABL_TCN_Gated_Mod (0-10mm)_MAE": 1.7127600881686265,
        "ABL_TCN_Gated_Heavy (>10mm)_MAE": 6.762160251737978,
        "ABL_TCN_Gated_Overall_RMSE": 5.703025539271479,
        "ABL_TCN_Gated_No Rain (0mm)_RMSE": 0.6353739747681639,
        "ABL_TCN_Gated_Mod (0-10mm)_RMSE": 2.4966518675935867,
        "ABL_TCN_Gated_Heavy (>10mm)_RMSE": 10.984987192830197,
        "ABL_TCN_Gated_Overall_R2": 0.9640260238465699,
        "ABL_TCN_Gated_No Rain (0mm)_R2": NaN,
        "ABL_TCN_Gated_Mod (0-10mm)_R2": 0.2677700864940664,
        "ABL_TCN_Gated_Heavy (>10mm)_R2": 0.934018944119738,
        "ABL_TCN_Gated_Overall_MAPE": 48.1563496251844,
        "ABL_TCN_Gated_No Rain (0mm)_MAPE": NaN,
        "ABL_TCN_Gated_Mod (0-10mm)_MAPE": 94.11959371393735,
        "ABL_TCN_Gated_Heavy (>10mm)_MAPE": 16.060709507221617,
        "ABL_TCN_Gated_Overall_NSE": 0.9640260231309437,
        "ABL_TCN_Gated_No Rain (0mm)_NSE": NaN,
        "ABL_TCN_Gated_Mod (0-10mm)_NSE": 0.26777007589893453,
        "ABL_TCN_Gated_Heavy (>10mm)_NSE": 0.9340189401323462,
        "ABL_TCN_Gated_Overall_Bias": -1.7315591421546068,
        "ABL_TCN_Gated_No Rain (0mm)_Bias": 0.1543202981768738,
        "ABL_TCN_Gated_Mod (0-10mm)_Bias": -0.8468406711034739,
        "ABL_TCN_Gated_Heavy (>10mm)_Bias": -6.446663608165552,
        "ABL_TCN_Gated_Overall_Samples": 2489,
        "ABL_TCN_Gated_No Rain (0mm)_Samples": 1397,
        "ABL_TCN_Gated_Mod (0-10mm)_Samples": 449,
        "ABL_TCN_Gated_Heavy (>10mm)_Samples": 643,
        "ABL_TCN_Direct_Overall_MAE": 2.148925542831421,
        "ABL_TCN_Direct_No Rain (0mm)_MAE": 0.17969383299350739,
        "ABL_TCN_Direct_Mod (0-10mm)_MAE": 1.6724992990493774,
        "ABL_TCN_Direct_Heavy (>10mm)_MAE": 6.760016918182373,
        "ABL_TCN_Direct_Overall_RMSE": 5.699288368225098,
        "ABL_TCN_Direct_No Rain (0mm)_RMSE": 0.6484900116920471,
        "ABL_TCN_Direct_Mod (0-10mm)_RMSE": 2.452267646789551,
        "ABL_TCN_Direct_Heavy (>10mm)_RMSE": 10.982795715332031,
        "ABL_TCN_Direct_Overall_R2": 0.9640731546490316,
        "ABL_TCN_Direct_No Rain (0mm)_R2": NaN,
        "ABL_TCN_Direct_Mod (0-10mm)_R2": 0.29357305647251863,
        "ABL_TCN_Direct_Heavy (>10mm)_R2": 0.934045271632486,
        "ABL_TCN_Direct_Overall_MAPE": 47.553664445877075,
        "ABL_TCN_Direct_No Rain (0mm)_MAPE": NaN,
        "ABL_TCN_Direct_Mod (0-10mm)_MAPE": 92.67989993095398,
        "ABL_TCN_Direct_Heavy (>10mm)_MAPE": 16.0425066947937,
        "ABL_TCN_Direct_Overall_NSE": 0.964073158800602,
        "ABL_TCN_Direct_No Rain (0mm)_NSE": NaN,
        "ABL_TCN_Direct_Mod (0-10mm)_NSE": 0.2935730814933777,
        "ABL_TCN_Direct_Heavy (>10mm)_NSE": 0.9340452700853348,
        "ABL_TCN_Direct_Overall_Bias": -1.7065980434417725,
        "ABL_TCN_Direct_No Rain (0mm)_Bias": 0.17969383299350739,
        "ABL_TCN_Direct_Mod (0-10mm)_Bias": -0.7905036211013794,
        "ABL_TCN_Direct_Heavy (>10mm)_Bias": -6.4445085525512695,
        "ABL_TCN_Direct_Overall_Samples": 2489,
        "ABL_TCN_Direct_No Rain (0mm)_Samples": 1397,
        "ABL_TCN_Direct_Mod (0-10mm)_Samples": 449,
        "ABL_TCN_Direct_Heavy (>10mm)_Samples": 643,
        "ABL_LSTM_Gated_Overall_MAE": 1.7084691746314333,
        "ABL_LSTM_Gated_No Rain (0mm)_MAE": 0.12720121750288846,
        "ABL_LSTM_Gated_Mod (0-10mm)_MAE": 1.457912624868897,
        "ABL_LSTM_Gated_Heavy (>10mm)_MAE": 5.318937645785331,
        "ABL_LSTM_Gated_Overall_RMSE": 4.6328765665267015,
        "ABL_LSTM_Gated_No Rain (0mm)_RMSE": 1.1356118359202105,
        "ABL_LSTM_Gated_Mod (0-10mm)_RMSE": 2.4914310604006613,
        "ABL_LSTM_Gated_Heavy (>10mm)_RMSE": 8.714776015970212,
        "ABL_LSTM_Gated_Overall_R2": 0.9762600790500878,
        "ABL_LSTM_Gated_No Rain (0mm)_R2": NaN,
        "ABL_LSTM_Gated_Mod (0-10mm)_R2": 0.2708292508436888,
        "ABL_LSTM_Gated_Heavy (>10mm)_R2": 0.9584728037420449,
        "ABL_LSTM_Gated_Overall_MAPE": 38.405557752700695,
        "ABL_LSTM_Gated_No Rain (0mm)_MAPE": NaN,
        "ABL_LSTM_Gated_Mod (0-10mm)_MAPE": 75.6835400125208,
        "ABL_LSTM_Gated_Heavy (>10mm)_MAPE": 12.374742768782765,