{
    "run_seed": 43,
    "metrics": {
        "BASELINE_Persistence_Overall_MAE": 13.092509269714355,
        "BASELINE_Persistence_No Rain (0mm)_MAE": 5.459474563598633,
        "BASELINE_Persistence_Mod (0-10mm)_MAE": 13.980210304260254,
        "BASELINE_Persistence_Heavy (>10mm)_MAE": 29.05638885498047,
        "BASELINE_Persistence_Overall_RMSE": 25.421857833862305,
        "BASELINE_Persistence_No Rain (0mm)_RMSE": 12.213054656982422,
        "BASELINE_Persistence_Mod (0-10mm)_RMSE": 19.965978622436523,
        "BASELINE_Persistence_Heavy (>10mm)_RMSE": 43.58013916015625,
        "BASELINE_Persistence_Overall_R2": 0.28518705362219965,
        "BASELINE_Persistence_No Rain (0mm)_R2": NaN,
        "BASELINE_Persistence_Mod (0-10mm)_R2": -45.82876735284708,
        "BASELINE_Persistence_Heavy (>10mm)_R2": -0.03847826109841512,
        "BASELINE_Persistence_Overall_MAPE": 535.5219841003418,
        "BASELINE_Persistence_No Rain (0mm)_MAPE": NaN,
        "BASELINE_Persistence_Mod (0-10mm)_MAPE": 1213.1426811218262,
        "BASELINE_Persistence_Heavy (>10mm)_MAPE": 62.346673011779785,
        "BASELINE_Persistence_Overall_NSE": 0.2851870656013489,
        "BASELINE_Persistence_No Rain (0mm)_NSE": NaN,
        "BASELINE_Persistence_Mod (0-10mm)_NSE": -45.828765869140625,
        "BASELINE_Persistence_Heavy (>10mm)_NSE": -0.03847825527191162,
        "BASELINE_Persistence_Overall_Bias": 0.020754147320985794,
        "BASELINE_Persistence_No Rain (0mm)_Bias": 5.459474563598633,
        "BASELINE_Persistence_Mod (0-10mm)_Bias": 12.771682739257812,
        "BASELINE_Persistence_Heavy (>10mm)_Bias": -20.69940185546875,
        "BASELINE_Persistence_Overall_Samples": 2489,
        "BASELINE_Persistence_No Rain (0mm)_Samples": 1397,
        "BASELINE_Persistence_Mod (0-10mm)_Samples": 449,
        "BASELINE_Persistence_Heavy (>10mm)_Samples": 643,
        "BASELINE_Climatology_Overall_MAE": 13.48790168762207,
        "BASELINE_Climatology_No Rain (0mm)_MAE": 2.004506826400757,
        "BASELINE_Climatology_Mod (0-10mm)_MAE": 2.4632275104522705,
        "BASELINE_Climatology_Heavy (>10mm)_MAE": 46.135459899902344,
        "BASELINE_Climatology_Overall_RMSE": 32.03938293457031,
        "BASELINE_Climatology_No Rain (0mm)_RMSE": 2.0045065879821777,
        "BASELINE_Climatology_Mod (0-10mm)_RMSE": 3.2804315090179443,
        "BASELINE_Climatology_Heavy (>10mm)_RMSE": 62.907379150390625,
        "BASELINE_Climatology_Overall_R2": -0.13539276054052007,
        "BASELINE_Climatology_No Rain (0mm)_R2": NaN,
        "BASELINE_Climatology_Mod (0-10mm)_R2": -0.2641349405597484,
        "BASELINE_Climatology_Heavy (>10mm)_R2": -1.1638309732130954,
        "BASELINE_Climatology_Overall_MAPE": 123.06430339813232,
        "BASELINE_Climatology_No Rain (0mm)_MAPE": NaN,
        "BASELINE_Climatology_Mod (0-10mm)_MAPE": 166.77297353744507,
        "BASELINE_Climatology_Heavy (>10mm)_MAPE": 92.54300594329834,
        "BASELINE_Climatology_Overall_NSE": -0.13539278507232666,
        "BASELINE_Climatology_No Rain (0mm)_NSE": NaN,
        "BASELINE_Climatology_Mod (0-10mm)_NSE": -0.2641350030899048,
        "BASELINE_Climatology_Heavy (>10mm)_NSE": -1.1638309955596924,
        "BASELINE_Climatology_Overall_Bias": -11.06391429901123,
        "BASELINE_Climatology_No Rain (0mm)_Bias": 2.004506826400757,
        "BASELINE_Climatology_Mod (0-10mm)_Bias": -1.4995023012161255,
        "BASELINE_Climatology_Heavy (>10mm)_Bias": -46.135459899902344,
        "BASELINE_Climatology_Overall_Samples": 2489,
        "BASELINE_Climatology_No Rain (0mm)_Samples": 1397,
        "BASELINE_Climatology_Mod (0-10mm)_Samples": 449,
        "BASELINE_Climatology_Heavy (>10mm)_Samples": 643,
        "ABL_TCN_Gated_Overall_MAE": 1.6676872982347468,
        "ABL_TCN_Gated_No Rain (0mm)_MAE": 0.18366463074130673,
        "ABL_TCN_Gated_Mod (0-10mm)_MAE": 1.9330772108720813,
        "ABL_TCN_Gated_Heavy (>10mm)_MAE": 4.7065980225180635,
        "ABL_TCN_Gated_Overall_RMSE": 3.756268774828588,
        "ABL_TCN_Gated_No Rain (0mm)_RMSE": 0.7490701157620653,
        "ABL_TCN_Gated_Mod (0-10mm)_RMSE": 2.6205296656350545,
        "ABL_TCN_Gated_Heavy (>10mm)_RMSE": 6.971554693842084,
        "ABL_TCN_Gated_Overall_R2": 0.9843940169929971,
        "ABL_TCN_Gated_No Rain (0mm)_R2": NaN,
        "ABL_TCN_Gated_Mod (0-10mm)_R2": 0.19330446978000415,
        "ABL_TCN_Gated_Heavy (>10mm)_R2": 0.9734246233098951,
        "ABL_TCN_Gated_Overall_MAPE": 48.04829441988584,
        "ABL_TCN_Gated_No Rain (0mm)_MAPE": NaN,
        "ABL_TCN_Gated_Mod (0-10mm)_MAPE": 97.7800488706718,
        "ABL_TCN_Gated_Heavy (>10mm)_MAPE": 13.321143955806686,
        "ABL_TCN_Gated_Overall_NSE": 0.984394016682549,
        "ABL_TCN_Gated_No Rain (0mm)_NSE": NaN,
        "ABL_TCN_Gated_Mod (0-10mm)_NSE": 0.19330445810737862,
        "ABL_TCN_Gated_Heavy (>10mm)_NSE": 0.9734246217038821,
        "ABL_TCN_Gated_Overall_Bias": 0.12346446871736139,
        "ABL_TCN_Gated_No Rain (0mm)_Bias": 0.18366463074130673,
        "ABL_TCN_Gated_Mod (0-10mm)_Bias": -0.7656316375126754,
        "ABL_TCN_Gated_Heavy (>10mm)_Bias": 0.613518162885067,
        "ABL_TCN_Gated_Overall_Samples": 2489,
        "ABL_TCN_Gated_No Rain (0mm)_Samples": 1397,
        "ABL_TCN_Gated_Mod (0-10mm)_Samples": 449,
        "ABL_TCN_Gated_Heavy (>10mm)_Samples": 643,
        "ABL_TCN_Direct_Overall_MAE": 1.6773314476013184,
        "ABL_TCN_Direct_No Rain (0mm)_MAE": 0.2113630473613739,
        "ABL_TCN_Direct_Mod (0-10mm)_MAE": 1.903079867362976,
        "ABL_TCN_Direct_Heavy (>10mm)_MAE": 4.70469856262207,
        "ABL_TCN_Direct_Overall_RMSE": 3.752601385116577,
        "ABL_TCN_Direct_No Rain (0mm)_RMSE": 0.7619912624359131,
        "ABL_TCN_Direct_Mod (0-10mm)_RMSE": 2.5914719104766846,
        "ABL_TCN_Direct_Heavy (>10mm)_RMSE": 6.968451499938965,
        "ABL_TCN_Direct_Overall_R2": 0.9844244739968565,
        "ABL_TCN_Direct_No Rain (0mm)_R2": NaN,
        "ABL_TCN_Direct_Mod (0-10mm)_R2": 0.2110954367447503,
        "ABL_TCN_Direct_Heavy (>10mm)_R2": 0.9734482752505936,
        "ABL_TCN_Direct_Overall_MAPE": 47.558751702308655,
        "ABL_TCN_Direct_No Rain (0mm)_MAPE": NaN,
        "ABL_TCN_Direct_Mod (0-10mm)_MAPE": 96.61183953285217,
        "ABL_TCN_Direct_Heavy (>10mm)_MAPE": 13.305491209030151,
        "ABL_TCN_Direct_Overall_NSE": 0.9844244755804539,
        "ABL_TCN_Direct_No Rain (0mm)_NSE": NaN,
        "ABL_TCN_Direct_Mod (0-10mm)_NSE": 0.21109539270401,
        "ABL_TCN_Direct_Heavy (>10mm)_NSE": 0.9734482746571302,
        "ABL_TCN_Direct_Overall_Bias": 0.14652197062969208,
        "ABL_TCN_Direct_No Rain (0mm)_Bias": 0.2113630473613739,
        "ABL_TCN_Direct_Mod (0-10mm)_Bias": -0.726730227470398,
        "ABL_TCN_Direct_Heavy (>10mm)_Bias": 0.6154290437698364,
        "ABL_TCN_Direct_Overall_Samples": 2489,
        "ABL_TCN_Direct_No Rain (0mm)_Samples": 1397,
        "ABL_TCN_Direct_Mod (0-10mm)_Samples": 449,
        "ABL_TCN_Direct_Heavy (>10mm)_Samples": 643,
        "ABL_LSTM_Gated_Overall_MAE": 1.4702233268609743,
        "ABL_LSTM_Gated_No Rain (0mm)_MAE": 0.1282200209947923,
        "ABL_LSTM_Gated_Mod (0-10mm)_MAE": 1.4710596169712225,
        "ABL_LSTM_Gated_Heavy (>10mm)_MAE": 4.385313721939597,
        "ABL_LSTM_Gated_Overall_RMSE": 3.6210210332284003,
        "ABL_LSTM_Gated_No Rain (0mm)_RMSE": 0.9891925576409665,
        "ABL_LSTM_Gated_Mod (0-10mm)_RMSE": 2.1720911649831316,
        "ABL_LSTM_Gated_Heavy (>10mm)_RMSE": 6.73307028139706,
        "ABL_LSTM_Gated_Overall_R2": 0.9854975991649495,
        "ABL_LSTM_Gated_No Rain (0mm)_R2": NaN,
        "ABL_LSTM_Gated_Mod (0-10mm)_R2": 0.44577311670079933,
        "ABL_LSTM_Gated_Heavy (>10mm)_R2": 0.9752117169341664,
        "ABL_LSTM_Gated_Overall_MAPE": 37.78070809484236,
        "ABL_LSTM_Gated_No Rain (0mm)_MAPE": NaN,
        "ABL_LSTM_Gated_Mod (0-10mm)_MAPE": 75.70235568360229,
        "ABL_LSTM_Gated_Heavy (>10mm)_MAPE": 11.300428518865372,