{
    "run_seed": 45,
    "metrics": {
        "BASELINE_Persistence_Overall_MAE": 13.092509269714355,
        "BASELINE_Persistence_No Rain (0mm)_MAE": 5.459474563598633,
        "BASELINE_Persistence_Mod (0-10mm)_MAE": 13.980210304260254,
        "BASELINE_Persistence_Heavy (>10mm)_MAE": 29.05638885498047,
        "BASELINE_Persistence_Overall_RMSE": 25.421857833862305,
        "BASELINE_Persistence_No Rain (0mm)_RMSE": 12.213054656982422,
        "BASELINE_Persistence_Mod (0-10mm)_RMSE": 19.965978622436523,
        "BASELINE_Persistence_Heavy (>10mm)_RMSE": 43.58013916015625,
        "BASELINE_Persistence_Overall_R2": 0.28518705362219965,
        "BASELINE_Persistence_No Rain (0mm)_R2": NaN,
        "BASELINE_Persistence_Mod (0-10mm)_R2": -45.82876735284708,
        "BASELINE_Persistence_Heavy (>10mm)_R2": -0.03847826109841512,
        "BASELINE_Persistence_Overall_MAPE": 535.5219841003418,
        "BASELINE_Persistence_No Rain (0mm)_MAPE": NaN,
        "BASELINE_Persistence_Mod (0-10mm)_MAPE": 1213.1426811218262,
        "BASELINE_Persistence_Heavy (>10mm)_MAPE": 62.346673011779785,
        "BASELINE_Persistence_Overall_NSE": 0.2851870656013489,
        "BASELINE_Persistence_No Rain (0mm)_NSE": NaN,
        "BASELINE_Persistence_Mod (0-10mm)_NSE": -45.828765869140625,
        "BASELINE_Persistence_Heavy (>10mm)_NSE": -0.03847825527191162,
        "BASELINE_Persistence_Overall_Bias": 0.020754147320985794,
        "BASELINE_Persistence_No Rain (0mm)_Bias": 5.459474563598633,
        "BASELINE_Persistence_Mod (0-10mm)_Bias": 12.771682739257812,
        "BASELINE_Persistence_Heavy (>10mm)_Bias": -20.69940185546875,
        "BASELINE_Persistence_Overall_Samples": 2489,
        "BASELINE_Persistence_No Rain (0mm)_Samples": 1397,
        "BASELINE_Persistence_Mod (0-10mm)_Samples": 449,
        "BASELINE_Persistence_Heavy (>10mm)_Samples": 643,
        "BASELINE_Climatology_Overall_MAE": 13.48790168762207,
        "BASELINE_Climatology_No Rain (0mm)_MAE": 2.004506826400757,
        "BASELINE_Climatology_Mod (0-10mm)_MAE": 2.4632275104522705,
        "BASELINE_Climatology_Heavy (>10mm)_MAE": 46.135459899902344,
        "BASELINE_Climatology_Overall_RMSE": 32.03938293457031,
        "BASELINE_Climatology_No Rain (0mm)_RMSE": 2.0045065879821777,
        "BASELINE_Climatology_Mod (0-10mm)_RMSE": 3.2804315090179443,
        "BASELINE_Climatology_Heavy (>10mm)_RMSE": 62.907379150390625,
        "BASELINE_Climatology_Overall_R2": -0.13539276054052007,
        "BASELINE_Climatology_No Rain (0mm)_R2": NaN,
        "BASELINE_Climatology_Mod (0-10mm)_R2": -0.2641349405597484,
        "BASELINE_Climatology_Heavy (>10mm)_R2": -1.1638309732130954,
        "BASELINE_Climatology_Overall_MAPE": 123.06430339813232,
        "BASELINE_Climatology_No Rain (0mm)_MAPE": NaN,
        "BASELINE_Climatology_Mod (0-10mm)_MAPE": 166.77297353744507,
        "BASELINE_Climatology_Heavy (>10mm)_MAPE": 92.54300594329834,
        "BASELINE_Climatology_Overall_NSE": -0.13539278507232666,
        "BASELINE_Climatology_No Rain (0mm)_NSE": NaN,
        "BASELINE_Climatology_Mod (0-10mm)_NSE": -0.2641350030899048,
        "BASELINE_Climatology_Heavy (>10mm)_NSE": -1.1638309955596924,
        "BASELINE_Climatology_Overall_Bias": -11.06391429901123,
        "BASELINE_Climatology_No Rain (0mm)_Bias": 2.004506826400757,
        "BASELINE_Climatology_Mod (0-10mm)_Bias": -1.4995023012161255,
        "BASELINE_Climatology_Heavy (>10mm)_Bias": -46.135459899902344,
        "BASELINE_Climatology_Overall_Samples": 2489,
        "BASELINE_Climatology_No Rain (0mm)_Samples": 1397,
        "BASELINE_Climatology_Mod (0-10mm)_Samples": 449,
        "BASELINE_Climatology_Heavy (>10mm)_Samples": 643,
        "ABL_TCN_Gated_Overall_MAE": 1.706569904871131,
        "ABL_TCN_Gated_No Rain (0mm)_MAE": 0.1524517036096666,
        "ABL_TCN_Gated_Mod (0-10mm)_MAE": 1.7923526654569863,
        "ABL_TCN_Gated_Heavy (>10mm)_MAE": 5.02318991678282,
        "ABL_TCN_Gated_Overall_RMSE": 4.650184617195508,
        "ABL_TCN_Gated_No Rain (0mm)_RMSE": 0.6019249142829473,
        "ABL_TCN_Gated_Mod (0-10mm)_RMSE": 2.508302791425456,
        "ABL_TCN_Gated_Heavy (>10mm)_RMSE": 8.861435769567192,
        "ABL_TCN_Gated_Overall_R2": 0.9760823668758569,
        "ABL_TCN_Gated_No Rain (0mm)_R2": NaN,
        "ABL_TCN_Gated_Mod (0-10mm)_R2": 0.2609200639603634,
        "ABL_TCN_Gated_Heavy (>10mm)_R2": 0.9570633319803684,
        "ABL_TCN_Gated_Overall_MAPE": 42.2424269869846,
        "ABL_TCN_Gated_No Rain (0mm)_MAPE": NaN,
        "ABL_TCN_Gated_Mod (0-10mm)_MAPE": 83.6879553894356,
        "ABL_TCN_Gated_Heavy (>10mm)_MAPE": 13.301459253391293,
        "ABL_TCN_Gated_Overall_NSE": 0.9760823664000662,
        "ABL_TCN_Gated_No Rain (0mm)_NSE": NaN,
        "ABL_TCN_Gated_Mod (0-10mm)_NSE": 0.2609200532661138,
        "ABL_TCN_Gated_Heavy (>10mm)_NSE": 0.9570633293856037,
        "ABL_TCN_Gated_Overall_Bias": -1.2487250081759333,
        "ABL_TCN_Gated_No Rain (0mm)_Bias": 0.1524517036096666,
        "ABL_TCN_Gated_Mod (0-10mm)_Bias": -1.2407295069762259,
        "ABL_TCN_Gated_Heavy (>10mm)_Bias": -4.2985443649459985,
        "ABL_TCN_Gated_Overall_Samples": 2489,
        "ABL_TCN_Gated_No Rain (0mm)_Samples": 1397,
        "ABL_TCN_Gated_Mod (0-10mm)_Samples": 449,
        "ABL_TCN_Gated_Heavy (>10mm)_Samples": 643,
        "ABL_TCN_Direct_Overall_MAE": 1.7139902114868164,
        "ABL_TCN_Direct_No Rain (0mm)_MAE": 0.17953388392925262,
        "ABL_TCN_Direct_Mod (0-10mm)_MAE": 1.7509808540344238,
        "ABL_TCN_Direct_Heavy (>10mm)_MAE": 5.021963119506836,
        "ABL_TCN_Direct_Overall_RMSE": 4.646460056304932,
        "ABL_TCN_Direct_No Rain (0mm)_RMSE": 0.6140750646591187,
        "ABL_TCN_Direct_Mod (0-10mm)_RMSE": 2.468895435333252,
        "ABL_TCN_Direct_Heavy (>10mm)_RMSE": 8.859789848327637,
        "ABL_TCN_Direct_Overall_R2": 0.9761206631616725,
        "ABL_TCN_Direct_No Rain (0mm)_R2": NaN,
        "ABL_TCN_Direct_Mod (0-10mm)_R2": 0.2839606165841355,
        "ABL_TCN_Direct_Heavy (>10mm)_R2": 0.9570792796055043,
        "ABL_TCN_Direct_Overall_MAPE": 41.30243957042694,
        "ABL_TCN_Direct_No Rain (0mm)_MAPE": NaN,
        "ABL_TCN_Direct_Mod (0-10mm)_MAPE": 81.41537308692932,
        "ABL_TCN_Direct_Heavy (>10mm)_MAPE": 13.29200565814972,
        "ABL_TCN_Direct_Overall_NSE": 0.9761206638067961,
        "ABL_TCN_Direct_No Rain (0mm)_NSE": NaN,
        "ABL_TCN_Direct_Mod (0-10mm)_NSE": 0.28396058082580566,
        "ABL_TCN_Direct_Heavy (>10mm)_NSE": 0.9570792764425278,
        "ABL_TCN_Direct_Overall_Bias": -1.2234742641448975,
        "ABL_TCN_Direct_No Rain (0mm)_Bias": 0.17953388392925262,
        "ABL_TCN_Direct_Mod (0-10mm)_Bias": -1.1867904663085938,
        "ABL_TCN_Direct_Heavy (>10mm)_Bias": -4.297305583953857,
        "ABL_TCN_Direct_Overall_Samples": 2489,
        "ABL_TCN_Direct_No Rain (0mm)_Samples": 1397,
        "ABL_TCN_Direct_Mod (0-10mm)_Samples": 449,
        "ABL_TCN_Direct_Heavy (>10mm)_Samples": 643,
        "ABL_LSTM_Gated_Overall_MAE": 1.6794209025710236,
        "ABL_LSTM_Gated_No Rain (0mm)_MAE": 0.1285672890117227,
        "ABL_LSTM_Gated_Mod (0-10mm)_MAE": 1.4595270139083343,
        "ABL_LSTM_Gated_Heavy (>10mm)_MAE": 5.2023989028072455,
        "ABL_LSTM_Gated_Overall_RMSE": 4.795728894578658,
        "ABL_LSTM_Gated_No Rain (0mm)_RMSE": 0.9103999617474077,
        "ABL_LSTM_Gated_Mod (0-10mm)_RMSE": 2.343253659589112,
        "ABL_LSTM_Gated_Heavy (>10mm)_RMSE": 9.131942036770932,
        "ABL_LSTM_Gated_Overall_R2": 0.97456176014497,
        "ABL_LSTM_Gated_No Rain (0mm)_R2": NaN,
        "ABL_LSTM_Gated_Mod (0-10mm)_R2": 0.3549845794657439,
        "ABL_LSTM_Gated_Heavy (>10mm)_R2": 0.9544019318014768,
        "ABL_LSTM_Gated_Overall_MAPE": 40.04436877732608,
        "ABL_LSTM_Gated_No Rain (0mm)_MAPE": NaN,
        "ABL_LSTM_Gated_Mod (0-10mm)_MAPE": 80.36879960688756,
        "ABL_LSTM_Gated_Heavy (>10mm)_MAPE": 11.886251448440992,