{
    "run_seed": 44,
    "metrics": {
        "BASELINE_Persistence_Overall_MAE": 13.092509269714355,
        "BASELINE_Persistence_No Rain (0mm)_MAE": 5.459474563598633,
        "BASELINE_Persistence_Mod (0-10mm)_MAE": 13.980210304260254,
        "BASELINE_Persistence_Heavy (>10mm)_MAE": 29.05638885498047,
        "BASELINE_Persistence_Overall_RMSE": 25.421857833862305,
        "BASELINE_Persistence_No Rain (0mm)_RMSE": 12.213054656982422,
        "BASELINE_Persistence_Mod (0-10mm)_RMSE": 19.965978622436523,
        "BASELINE_Persistence_Heavy (>10mm)_RMSE": 43.58013916015625,
        "BASELINE_Persistence_Overall_R2": 0.28518705362219965,
        "BASELINE_Persistence_No Rain (0mm)_R2": NaN,
        "BASELINE_Persistence_Mod (0-10mm)_R2": -45.82876735284708,
        "BASELINE_Persistence_Heavy (>10mm)_R2": -0.03847826109841512,
        "BASELINE_Persistence_Overall_MAPE": 535.5219841003418,
        "BASELINE_Persistence_No Rain (0mm)_MAPE": NaN,
        "BASELINE_Persistence_Mod (0-10mm)_MAPE": 1213.1426811218262,
        "BASELINE_Persistence_Heavy (>10mm)_MAPE": 62.346673011779785,
        "BASELINE_Persistence_Overall_NSE": 0.2851870656013489,
        "BASELINE_Persistence_No Rain (0mm)_NSE": NaN,
        "BASELINE_Persistence_Mod (0-10mm)_NSE": -45.828765869140625,
        "BASELINE_Persistence_Heavy (>10mm)_NSE": -0.03847825527191162,
        "BASELINE_Persistence_Overall_Bias": 0.020754147320985794,
        "BASELINE_Persistence_No Rain (0mm)_Bias": 5.459474563598633,
        "BASELINE_Persistence_Mod (0-10mm)_Bias": 12.771682739257812,
        "BASELINE_Persistence_Heavy (>10mm)_Bias": -20.69940185546875,
        "BASELINE_Persistence_Overall_Samples": 2489,
        "BASELINE_Persistence_No Rain (0mm)_Samples": 1397,
        "BASELINE_Persistence_Mod (0-10mm)_Samples": 449,
        "BASELINE_Persistence_Heavy (>10mm)_Samples": 643,
        "BASELINE_Climatology_Overall_MAE": 13.48790168762207,
        "BASELINE_Climatology_No Rain (0mm)_MAE": 2.004506826400757,
        "BASELINE_Climatology_Mod (0-10mm)_MAE": 2.4632275104522705,
        "BASELINE_Climatology_Heavy (>10mm)_MAE": 46.135459899902344,
        "BASELINE_Climatology_Overall_RMSE": 32.03938293457031,
        "BASELINE_Climatology_No Rain (0mm)_RMSE": 2.0045065879821777,
        "BASELINE_Climatology_Mod (0-10mm)_RMSE": 3.2804315090179443,
        "BASELINE_Climatology_Heavy (>10mm)_RMSE": 62.907379150390625,
        "BASELINE_Climatology_Overall_R2": -0.13539276054052007,
        "BASELINE_Climatology_No Rain (0mm)_R2": NaN,
        "BASELINE_Climatology_Mod (0-10mm)_R2": -0.2641349405597484,
        "BASELINE_Climatology_Heavy (>10mm)_R2": -1.1638309732130954,
        "BASELINE_Climatology_Overall_MAPE": 123.06430339813232,
        "BASELINE_Climatology_No Rain (0mm)_MAPE": NaN,
        "BASELINE_Climatology_Mod (0-10mm)_MAPE": 166.77297353744507,
        "BASELINE_Climatology_Heavy (>10mm)_MAPE": 92.54300594329834,
        "BASELINE_Climatology_Overall_NSE": -0.13539278507232666,
        "BASELINE_Climatology_No Rain (0mm)_NSE": NaN,
        "BASELINE_Climatology_Mod (0-10mm)_NSE": -0.2641350030899048,
        "BASELINE_Climatology_Heavy (>10mm)_NSE": -1.1638309955596924,
        "BASELINE_Climatology_Overall_Bias": -11.06391429901123,
        "BASELINE_Climatology_No Rain (0mm)_Bias": 2.004506826400757,
        "BASELINE_Climatology_Mod (0-10mm)_Bias": -1.4995023012161255,
        "BASELINE_Climatology_Heavy (>10mm)_Bias": -46.135459899902344,
        "BASELINE_Climatology_Overall_Samples": 2489,
        "BASELINE_Climatology_No Rain (0mm)_Samples": 1397,
        "BASELINE_Climatology_Mod (0-10mm)_Samples": 449,
        "BASELINE_Climatology_Heavy (>10mm)_Samples": 643,
        "ABL_TCN_Gated_Overall_MAE": 2.582672995091363,
        "ABL_TCN_Gated_No Rain (0mm)_MAE": 0.17008370983350138,
        "ABL_TCN_Gated_Mod (0-10mm)_MAE": 1.8951868044819837,
        "ABL_TCN_Gated_Heavy (>10mm)_MAE": 8.304396993674326,
        "ABL_TCN_Gated_Overall_RMSE": 6.611563585668174,
        "ABL_TCN_Gated_No Rain (0mm)_RMSE": 0.684598843923094,
        "ABL_TCN_Gated_Mod (0-10mm)_RMSE": 2.615109326532944,
        "ABL_TCN_Gated_Heavy (>10mm)_RMSE": 12.783380818686046,
        "ABL_TCN_Gated_Overall_R2": 0.9516511478847056,
        "ABL_TCN_Gated_No Rain (0mm)_R2": NaN,
        "ABL_TCN_Gated_Mod (0-10mm)_R2": 0.19663817841806053,
        "ABL_TCN_Gated_Heavy (>10mm)_R2": 0.9106464925216811,
        "ABL_TCN_Gated_Overall_MAPE": 50.81358967117584,
        "ABL_TCN_Gated_No Rain (0mm)_MAPE": NaN,
        "ABL_TCN_Gated_Mod (0-10mm)_MAPE": 97.30602109179816,
        "ABL_TCN_Gated_Heavy (>10mm)_MAPE": 18.34842371805078,
        "ABL_TCN_Gated_Overall_NSE": 0.9516511469229073,
        "ABL_TCN_Gated_No Rain (0mm)_NSE": NaN,
        "ABL_TCN_Gated_Mod (0-10mm)_NSE": 0.19663816679367263,
        "ABL_TCN_Gated_Heavy (>10mm)_NSE": 0.9106464871218366,
        "ABL_TCN_Gated_Overall_Bias": 1.416508430648672,
        "ABL_TCN_Gated_No Rain (0mm)_Bias": 0.17008370983350138,
        "ABL_TCN_Gated_Mod (0-10mm)_Bias": -0.7677132915275536,
        "ABL_TCN_Gated_Heavy (>10mm)_Bias": 5.649744648744968,
        "ABL_TCN_Gated_Overall_Samples": 2489,
        "ABL_TCN_Gated_No Rain (0mm)_Samples": 1397,
        "ABL_TCN_Gated_Mod (0-10mm)_Samples": 449,
        "ABL_TCN_Gated_Heavy (>10mm)_Samples": 643,
        "ABL_TCN_Direct_Overall_MAE": 2.622331142425537,
        "ABL_TCN_Direct_No Rain (0mm)_MAE": 0.2676011919975281,
        "ABL_TCN_Direct_Mod (0-10mm)_MAE": 1.8188797235488892,
        "ABL_TCN_Direct_Heavy (>10mm)_MAE": 8.299325942993164,
        "ABL_TCN_Direct_Overall_RMSE": 6.60546875,
        "ABL_TCN_Direct_No Rain (0mm)_RMSE": 0.7140167951583862,
        "ABL_TCN_Direct_Mod (0-10mm)_RMSE": 2.542611598968506,
        "ABL_TCN_Direct_Heavy (>10mm)_RMSE": 12.777899742126465,
        "ABL_TCN_Direct_Overall_R2": 0.9517402455079286,
        "ABL_TCN_Direct_No Rain (0mm)_R2": NaN,
        "ABL_TCN_Direct_Mod (0-10mm)_R2": 0.24056333207024805,
        "ABL_TCN_Direct_Heavy (>10mm)_R2": 0.9107230999689993,
        "ABL_TCN_Direct_Overall_MAPE": 48.456743359565735,
        "ABL_TCN_Direct_No Rain (0mm)_MAPE": NaN,
        "ABL_TCN_Direct_Mod (0-10mm)_MAPE": 91.62765145301819,
        "ABL_TCN_Direct_Heavy (>10mm)_MAPE": 18.310968577861786,
        "ABL_TCN_Direct_Overall_NSE": 0.9517402425408363,
        "ABL_TCN_Direct_No Rain (0mm)_NSE": NaN,
        "ABL_TCN_Direct_Mod (0-10mm)_NSE": 0.24056333303451538,
        "ABL_TCN_Direct_Heavy (>10mm)_NSE": 0.910723090171814,
        "ABL_TCN_Direct_Overall_Bias": 1.4902924299240112,
        "ABL_TCN_Direct_No Rain (0mm)_Bias": 0.2676011919975281,
        "ABL_TCN_Direct_Mod (0-10mm)_Bias": -0.6694896221160889,
        "ABL_TCN_Direct_Heavy (>10mm)_Bias": 5.6548991203308105,
        "ABL_TCN_Direct_Overall_Samples": 2489,
        "ABL_TCN_Direct_No Rain (0mm)_Samples": 1397,
        "ABL_TCN_Direct_Mod (0-10mm)_Samples": 449,
        "ABL_TCN_Direct_Heavy (>10mm)_Samples": 643,
        "ABL_LSTM_Gated_Overall_MAE": 1.8108592150793659,
        "ABL_LSTM_Gated_No Rain (0mm)_MAE": 0.10460998655752991,
        "ABL_LSTM_Gated_Mod (0-10mm)_MAE": 1.3872261066342746,
        "ABL_LSTM_Gated_Heavy (>10mm)_MAE": 5.813723037687221,
        "ABL_LSTM_Gated_Overall_RMSE": 4.860788229924762,
        "ABL_LSTM_Gated_No Rain (0mm)_RMSE": 0.723470143566062,
        "ABL_LSTM_Gated_Mod (0-10mm)_RMSE": 2.1315642562818833,
        "ABL_LSTM_Gated_Heavy (>10mm)_RMSE": 9.335378284528547,
        "ABL_LSTM_Gated_Overall_R2": 0.9738668831295109,
        "ABL_LSTM_Gated_No Rain (0mm)_R2": NaN,
        "ABL_LSTM_Gated_Mod (0-10mm)_R2": 0.4662617249788349,
        "ABL_LSTM_Gated_Heavy (>10mm)_R2": 0.9523476861772965,
        "ABL_LSTM_Gated_Overall_MAPE": 36.61068286999149,
        "ABL_LSTM_Gated_No Rain (0mm)_MAPE": NaN,
        "ABL_LSTM_Gated_Mod (0-10mm)_MAPE": 69.40298183189427,
        "ABL_LSTM_Gated_Heavy (>10mm)_MAPE": 13.712172397371985,