{
    "run_seed": 46,
    "metrics": {
        "BASELINE_Persistence_Overall_R2": 0.2719571967077188,
        "BASELINE_Persistence_No Rain (0mm)_R2": NaN,
        "BASELINE_Persistence_Mod (0-10mm)_R2": -6.284395744979226,
        "BASELINE_Persistence_Heavy (>10mm)_R2": -0.4297746517717542,
        "BASELINE_Persistence_Overall_MAE": 5.461220741271973,
        "BASELINE_Persistence_No Rain (0mm)_MAE": 2.599426507949829,
        "BASELINE_Persistence_Mod (0-10mm)_MAE": 4.919472694396973,
        "BASELINE_Persistence_Heavy (>10mm)_MAE": 18.4151668548584,
        "BASELINE_Persistence_Overall_MSE": 129.30484008789062,
        "BASELINE_Persistence_No Rain (0mm)_MSE": 30.940488815307617,
        "BASELINE_Persistence_Mod (0-10mm)_MSE": 59.06702423095703,
        "BASELINE_Persistence_Heavy (>10mm)_MSE": 666.9425659179688,
        "BASELINE_Persistence_Overall_RMSE": 11.371228218078613,
        "BASELINE_Persistence_No Rain (0mm)_RMSE": 5.562417507171631,
        "BASELINE_Persistence_Mod (0-10mm)_RMSE": 7.685507297515869,
        "BASELINE_Persistence_Heavy (>10mm)_RMSE": 25.825231552124023,
        "BASELINE_Persistence_Overall_MAPE": 403.90000343322754,
        "BASELINE_Persistence_No Rain (0mm)_MAPE": NaN,
        "BASELINE_Persistence_Mod (0-10mm)_MAPE": 596.7872619628906,
        "BASELINE_Persistence_Heavy (>10mm)_MAPE": 58.64797830581665,
        "BASELINE_Persistence_Overall_Bias": -0.00631417240947485,
        "BASELINE_Persistence_No Rain (0mm)_Bias": 2.599426507949829,
        "BASELINE_Persistence_Mod (0-10mm)_Bias": 3.071316957473755,
        "BASELINE_Persistence_Heavy (>10mm)_Bias": -16.427011489868164,
        "BASELINE_Persistence_Overall_NSE": 0.2719571590423584,
        "BASELINE_Persistence_No Rain (0mm)_NSE": NaN,
        "BASELINE_Persistence_Mod (0-10mm)_NSE": -6.284395217895508,
        "BASELINE_Persistence_Heavy (>10mm)_NSE": -0.4297746419906616,
        "BASELINE_Persistence_Overall_Samples": 2491,
        "BASELINE_Persistence_No Rain (0mm)_Samples": 1495,
        "BASELINE_Persistence_Mod (0-10mm)_Samples": 639,
        "BASELINE_Persistence_Heavy (>10mm)_Samples": 357,
        "BASELINE_Climatology_Overall_R2": -0.09571720955338514,
        "BASELINE_Climatology_No Rain (0mm)_R2": NaN,
        "BASELINE_Climatology_Mod (0-10mm)_R2": -0.6315486586235342,
        "BASELINE_Climatology_Heavy (>10mm)_R2": -1.849154486959042,
        "BASELINE_Climatology_Overall_MAE": 5.549234390258789,
        "BASELINE_Climatology_No Rain (0mm)_MAE": 1.1105804443359375,
        "BASELINE_Climatology_Mod (0-10mm)_MAE": 2.6258249282836914,
        "BASELINE_Climatology_Heavy (>10mm)_MAE": 29.369531631469727,
        "BASELINE_Climatology_Overall_MSE": 194.60606384277344,
        "BASELINE_Climatology_No Rain (0mm)_MSE": 1.233388900756836,
        "BASELINE_Climatology_Mod (0-10mm)_MSE": 13.229748725891113,
        "BASELINE_Climatology_Heavy (>10mm)_MSE": 1329.036376953125,
        "BASELINE_Climatology_Overall_RMSE": 13.950127601623535,
        "BASELINE_Climatology_No Rain (0mm)_RMSE": 1.1105804443359375,
        "BASELINE_Climatology_Mod (0-10mm)_RMSE": 3.6372721195220947,
        "BASELINE_Climatology_Heavy (>10mm)_RMSE": 36.45595169067383,
        "BASELINE_Climatology_Overall_MAPE": 113.02134990692139,
        "BASELINE_Climatology_No Rain (0mm)_MAPE": NaN,
        "BASELINE_Climatology_Mod (0-10mm)_MAPE": 123.19272756576538,
        "BASELINE_Climatology_Heavy (>10mm)_MAPE": 94.81545090675354,
        "BASELINE_Climatology_Overall_Bias": -4.123100757598877,
        "BASELINE_Climatology_No Rain (0mm)_Bias": 1.1105804443359375,
        "BASELINE_Climatology_Mod (0-10mm)_Bias": -2.262972116470337,
        "BASELINE_Climatology_Heavy (>10mm)_Bias": -29.369531631469727,
        "BASELINE_Climatology_Overall_NSE": -0.09571731090545654,
        "BASELINE_Climatology_No Rain (0mm)_NSE": NaN,
        "BASELINE_Climatology_Mod (0-10mm)_NSE": -0.6315486431121826,
        "BASELINE_Climatology_Heavy (>10mm)_NSE": -1.8491547107696533,
        "BASELINE_Climatology_Overall_Samples": 2491,
        "BASELINE_Climatology_No Rain (0mm)_Samples": 1495,
        "BASELINE_Climatology_Mod (0-10mm)_Samples": 639,
        "BASELINE_Climatology_Heavy (>10mm)_Samples": 357,
        "ABL_TCN_Gated_Overall_R2": 0.9641473559182486,
        "ABL_TCN_Gated_No Rain (0mm)_R2": NaN,
        "ABL_TCN_Gated_Mod (0-10mm)_R2": 0.5999057134595587,
        "ABL_TCN_Gated_Heavy (>10mm)_R2": 0.9207907480172051,
        "ABL_TCN_Gated_Overall_MAE": 0.8559246752682667,
        "ABL_TCN_Gated_No Rain (0mm)_MAE": 0.11596319272392328,
        "ABL_TCN_Gated_Mod (0-10mm)_MAE": 1.1562811682506087,
        "ABL_TCN_Gated_Heavy (>10mm)_MAE": 3.417030046103216,
        "ABL_TCN_Gated_Overall_MSE": 6.367648246955129,
        "ABL_TCN_Gated_No Rain (0mm)_MSE": 0.40008354478083985,
        "ABL_TCN_Gated_Mod (0-10mm)_MSE": 3.2442470075504906,
        "ABL_TCN_Gated_Heavy (>10mm)_MSE": 36.94849592687145,
        "ABL_TCN_Gated_Overall_RMSE": 2.5234199505740476,
        "ABL_TCN_Gated_No Rain (0mm)_RMSE": 0.6325215765338285,
        "ABL_TCN_Gated_Mod (0-10mm)_RMSE": 1.8011793379756749,
        "ABL_TCN_Gated_Heavy (>10mm)_RMSE": 6.078527447241762,
        "ABL_TCN_Gated_Overall_MAPE": 48.32250167425753,
        "ABL_TCN_Gated_No Rain (0mm)_MAPE": NaN,
        "ABL_TCN_Gated_Mod (0-10mm)_MAPE": 68.84913901073675,
        "ABL_TCN_Gated_Heavy (>10mm)_MAPE": 11.581545769466999,
        "ABL_TCN_Gated_Overall_Bias": 0.28333486922362816,
        "ABL_TCN_Gated_No Rain (0mm)_Bias": 0.11596319272392328,
        "ABL_TCN_Gated_Mod (0-10mm)_Bias": -0.19827078355842692,
        "ABL_TCN_Gated_Heavy (>10mm)_Bias": 1.846266713746855,
        "ABL_TCN_Gated_Overall_NSE": 0.9641473550385015,
        "ABL_TCN_Gated_No Rain (0mm)_NSE": NaN,
        "ABL_TCN_Gated_Mod (0-10mm)_NSE": 0.5999057242661886,
        "ABL_TCN_Gated_Heavy (>10mm)_NSE": 0.9207907463637872,
        "ABL_TCN_Gated_Overall_Samples": 2491,
        "ABL_TCN_Gated_No Rain (0mm)_Samples": 1495,
        "ABL_TCN_Gated_Mod (0-10mm)_Samples": 639,
        "ABL_TCN_Gated_Heavy (>10mm)_Samples": 357,
        "ABL_TCN_Direct_Overall_R2": 0.9643784576257293,
        "ABL_TCN_Direct_No Rain (0mm)_R2": NaN,
        "ABL_TCN_Direct_Mod (0-10mm)_R2": 0.6276108463666092,
        "ABL_TCN_Direct_Heavy (>10mm)_R2": 0.9211674932162611,
        "ABL_TCN_Direct_Overall_MAE": 0.8834065198898315,
        "ABL_TCN_Direct_No Rain (0mm)_MAE": 0.1879899948835373,
        "ABL_TCN_Direct_Mod (0-10mm)_MAE": 1.0898408889770508,
        "ABL_TCN_Direct_Heavy (>10mm)_MAE": 3.4260849952697754,
        "ABL_TCN_Direct_Overall_MSE": 6.326602935791016,
        "ABL_TCN_Direct_No Rain (0mm)_MSE": 0.46968138217926025,
        "ABL_TCN_Direct_Mod (0-10mm)_MSE": 3.019594192504883,
        "ABL_TCN_Direct_Heavy (>10mm)_MSE": 36.77275848388672,
        "ABL_TCN_Direct_Overall_RMSE": 2.5152738094329834,
        "ABL_TCN_Direct_No Rain (0mm)_RMSE": 0.6853330731391907,
        "ABL_TCN_Direct_Mod (0-10mm)_RMSE": 1.737697958946228,
        "ABL_TCN_Direct_Heavy (>10mm)_RMSE": 6.064054489135742,
        "ABL_TCN_Direct_Overall_MAPE": 48.26294481754303,
        "ABL_TCN_Direct_No Rain (0mm)_MAPE": NaN,
        "ABL_TCN_Direct_Mod (0-10mm)_MAPE": 68.74321103096008,
        "ABL_TCN_Direct_Heavy (>10mm)_MAPE": 11.604978889226913,
        "ABL_TCN_Direct_Overall_Bias": 0.3762345314025879,
        "ABL_TCN_Direct_No Rain (0mm)_Bias": 0.1879899948835373,
        "ABL_TCN_Direct_Mod (0-10mm)_Bias": -0.02909272350370884,
        "ABL_TCN_Direct_Heavy (>10mm)_Bias": 1.8900433778762817,
        "ABL_TCN_Direct_Overall_NSE": 0.9643784575164318,
        "ABL_TCN_Direct_No Rain (0mm)_NSE": NaN,
        "ABL_TCN_Direct_Mod (0-10mm)_NSE": 0.6276108622550964,
        "ABL_TCN_Direct_Heavy (>10mm)_NSE": 0.9211674854159355,
        "ABL_TCN_Direct_Overall_Samples": 2491,
        "ABL_TCN_Direct_No Rain (0mm)_Samples": 1495,
        "ABL_TCN_Direct_Mod (0-10mm)_Samples": 639,