{
    "run_seed": 43,
    "metrics": {
        "BASELINE_Persistence_Overall_R2": 0.2719571967077188,
        "BASELINE_Persistence_No Rain (0mm)_R2": NaN,
        "BASELINE_Persistence_Mod (0-10mm)_R2": -6.284395744979226,
        "BASELINE_Persistence_Heavy (>10mm)_R2": -0.4297746517717542,
        "BASELINE_Persistence_Overall_MAE": 5.461220741271973,
        "BASELINE_Persistence_No Rain (0mm)_MAE": 2.599426507949829,
        "BASELINE_Persistence_Mod (0-10mm)_MAE": 4.919472694396973,
        "BASELINE_Persistence_Heavy (>10mm)_MAE": 18.4151668548584,
        "BASELINE_Persistence_Overall_MSE": 129.30484008789062,
        "BASELINE_Persistence_No Rain (0mm)_MSE": 30.940488815307617,
        "BASELINE_Persistence_Mod (0-10mm)_MSE": 59.06702423095703,
        "BASELINE_Persistence_Heavy (>10mm)_MSE": 666.9425659179688,
        "BASELINE_Persistence_Overall_RMSE": 11.371228218078613,
        "BASELINE_Persistence_No Rain (0mm)_RMSE": 5.562417507171631,
        "BASELINE_Persistence_Mod (0-10mm)_RMSE": 7.685507297515869,
        "BASELINE_Persistence_Heavy (>10mm)_RMSE": 25.825231552124023,
        "BASELINE_Persistence_Overall_MAPE": 403.90000343322754,
        "BASELINE_Persistence_No Rain (0mm)_MAPE": NaN,
        "BASELINE_Persistence_Mod (0-10mm)_MAPE": 596.7872619628906,
        "BASELINE_Persistence_Heavy (>10mm)_MAPE": 58.64797830581665,
        "BASELINE_Persistence_Overall_Bias": -0.00631417240947485,
        "BASELINE_Persistence_No Rain (0mm)_Bias": 2.599426507949829,
        "BASELINE_Persistence_Mod (0-10mm)_Bias": 3.071316957473755,
        "BASELINE_Persistence_Heavy (>10mm)_Bias": -16.427011489868164,
        "BASELINE_Persistence_Overall_NSE": 0.2719571590423584,
        "BASELINE_Persistence_No Rain (0mm)_NSE": NaN,
        "BASELINE_Persistence_Mod (0-10mm)_NSE": -6.284395217895508,
        "BASELINE_Persistence_Heavy (>10mm)_NSE": -0.4297746419906616,
        "BASELINE_Persistence_Overall_Samples": 2491,
        "BASELINE_Persistence_No Rain (0mm)_Samples": 1495,
        "BASELINE_Persistence_Mod (0-10mm)_Samples": 639,
        "BASELINE_Persistence_Heavy (>10mm)_Samples": 357,
        "BASELINE_Climatology_Overall_R2": -0.09571720955338514,
        "BASELINE_Climatology_No Rain (0mm)_R2": NaN,
        "BASELINE_Climatology_Mod (0-10mm)_R2": -0.6315486586235342,
        "BASELINE_Climatology_Heavy (>10mm)_R2": -1.849154486959042,
        "BASELINE_Climatology_Overall_MAE": 5.549234390258789,
        "BASELINE_Climatology_No Rain (0mm)_MAE": 1.1105804443359375,
        "BASELINE_Climatology_Mod (0-10mm)_MAE": 2.6258249282836914,
        "BASELINE_Climatology_Heavy (>10mm)_MAE": 29.369531631469727,
        "BASELINE_Climatology_Overall_MSE": 194.60606384277344,
        "BASELINE_Climatology_No Rain (0mm)_MSE": 1.233388900756836,
        "BASELINE_Climatology_Mod (0-10mm)_MSE": 13.229748725891113,
        "BASELINE_Climatology_Heavy (>10mm)_MSE": 1329.036376953125,
        "BASELINE_Climatology_Overall_RMSE": 13.950127601623535,
        "BASELINE_Climatology_No Rain (0mm)_RMSE": 1.1105804443359375,
        "BASELINE_Climatology_Mod (0-10mm)_RMSE": 3.6372721195220947,
        "BASELINE_Climatology_Heavy (>10mm)_RMSE": 36.45595169067383,
        "BASELINE_Climatology_Overall_MAPE": 113.02134990692139,
        "BASELINE_Climatology_No Rain (0mm)_MAPE": NaN,
        "BASELINE_Climatology_Mod (0-10mm)_MAPE": 123.19272756576538,
        "BASELINE_Climatology_Heavy (>10mm)_MAPE": 94.81545090675354,
        "BASELINE_Climatology_Overall_Bias": -4.123100757598877,
        "BASELINE_Climatology_No Rain (0mm)_Bias": 1.1105804443359375,
        "BASELINE_Climatology_Mod (0-10mm)_Bias": -2.262972116470337,
        "BASELINE_Climatology_Heavy (>10mm)_Bias": -29.369531631469727,
        "BASELINE_Climatology_Overall_NSE": -0.09571731090545654,
        "BASELINE_Climatology_No Rain (0mm)_NSE": NaN,
        "BASELINE_Climatology_Mod (0-10mm)_NSE": -0.6315486431121826,
        "BASELINE_Climatology_Heavy (>10mm)_NSE": -1.8491547107696533,
        "BASELINE_Climatology_Overall_Samples": 2491,
        "BASELINE_Climatology_No Rain (0mm)_Samples": 1495,
        "BASELINE_Climatology_Mod (0-10mm)_Samples": 639,
        "BASELINE_Climatology_Heavy (>10mm)_Samples": 357,
        "ABL_TCN_Gated_Overall_R2": 0.9572359488741521,
        "ABL_TCN_Gated_No Rain (0mm)_R2": NaN,
        "ABL_TCN_Gated_Mod (0-10mm)_R2": 0.5929682313865756,
        "ABL_TCN_Gated_Heavy (>10mm)_R2": 0.8991873449959303,
        "ABL_TCN_Gated_Overall_MAE": 0.857083950745421,
        "ABL_TCN_Gated_No Rain (0mm)_MAE": 0.02763513139640711,
        "ABL_TCN_Gated_Mod (0-10mm)_MAE": 1.2055742192642114,
        "ABL_TCN_Gated_Heavy (>10mm)_MAE": 3.706777797645333,
        "ABL_TCN_Gated_Overall_MSE": 7.59515628926254,
        "ABL_TCN_Gated_No Rain (0mm)_MSE": 0.014926219893274164,
        "ABL_TCN_Gated_Mod (0-10mm)_MSE": 3.3005010112000406,
        "ABL_TCN_Gated_Heavy (>10mm)_MSE": 47.02576882816727,
        "ABL_TCN_Gated_Overall_RMSE": 2.7559311111242497,
        "ABL_TCN_Gated_No Rain (0mm)_RMSE": 0.12217290981749662,
        "ABL_TCN_Gated_Mod (0-10mm)_RMSE": 1.816728106019181,
        "ABL_TCN_Gated_Heavy (>10mm)_RMSE": 6.857533727818425,
        "ABL_TCN_Gated_Overall_MAPE": 40.95108043170561,
        "ABL_TCN_Gated_No Rain (0mm)_MAPE": NaN,
        "ABL_TCN_Gated_Mod (0-10mm)_MAPE": 57.187977940974456,
        "ABL_TCN_Gated_Heavy (>10mm)_MAPE": 11.888398335283238,
        "ABL_TCN_Gated_Overall_Bias": -0.7497985568341458,
        "ABL_TCN_Gated_No Rain (0mm)_Bias": 0.02763513139640711,
        "ABL_TCN_Gated_Mod (0-10mm)_Bias": -1.0610131075924851,
        "ABL_TCN_Gated_Heavy (>10mm)_Bias": -3.4483903382629912,
        "ABL_TCN_Gated_Overall_NSE": 0.9572359478248137,
        "ABL_TCN_Gated_No Rain (0mm)_NSE": NaN,
        "ABL_TCN_Gated_Mod (0-10mm)_NSE": 0.5929682423805884,
        "ABL_TCN_Gated_Heavy (>10mm)_NSE": 0.899187342891562,
        "ABL_TCN_Gated_Overall_Samples": 2491,
        "ABL_TCN_Gated_No Rain (0mm)_Samples": 1495,
        "ABL_TCN_Gated_Mod (0-10mm)_Samples": 639,
        "ABL_TCN_Gated_Heavy (>10mm)_Samples": 357,
        "ABL_TCN_Direct_Overall_R2": 0.9587992064832132,
        "ABL_TCN_Direct_No Rain (0mm)_R2": NaN,
        "ABL_TCN_Direct_Mod (0-10mm)_R2": 0.6524384596253487,
        "ABL_TCN_Direct_Heavy (>10mm)_R2": 0.901740791098617,
        "ABL_TCN_Direct_Overall_MAE": 0.8524117469787598,
        "ABL_TCN_Direct_No Rain (0mm)_MAE": 0.0926833227276802,
        "ABL_TCN_Direct_Mod (0-10mm)_MAE": 1.0876871347427368,
        "ABL_TCN_Direct_Heavy (>10mm)_MAE": 3.6127841472625732,
        "ABL_TCN_Direct_Overall_MSE": 7.317511558532715,
        "ABL_TCN_Direct_No Rain (0mm)_MSE": 0.042854927480220795,
        "ABL_TCN_Direct_Mod (0-10mm)_MSE": 2.8182742595672607,
        "ABL_TCN_Direct_Heavy (>10mm)_MSE": 45.83467102050781,
        "ABL_TCN_Direct_Overall_RMSE": 2.705090045928955,
        "ABL_TCN_Direct_No Rain (0mm)_RMSE": 0.2070143222808838,
        "ABL_TCN_Direct_Mod (0-10mm)_RMSE": 1.6787716150283813,
        "ABL_TCN_Direct_Heavy (>10mm)_RMSE": 6.770130634307861,
        "ABL_TCN_Direct_Overall_MAPE": 37.40205466747284,
        "ABL_TCN_Direct_No Rain (0mm)_MAPE": NaN,
        "ABL_TCN_Direct_Mod (0-10mm)_MAPE": 51.85789465904236,
        "ABL_TCN_Direct_Heavy (>10mm)_MAPE": 11.527326703071594,
        "ABL_TCN_Direct_Overall_Bias": -0.650896430015564,
        "ABL_TCN_Direct_No Rain (0mm)_Bias": 0.0926833227276802,
        "ABL_TCN_Direct_Mod (0-10mm)_Bias": -0.8915141820907593,
        "ABL_TCN_Direct_Heavy (>10mm)_Bias": -3.3340814113616943,
        "ABL_TCN_Direct_Overall_NSE": 0.958799209445715,
        "ABL_TCN_Direct_No Rain (0mm)_NSE": NaN,
        "ABL_TCN_Direct_Mod (0-10mm)_NSE": 0.6524384617805481,
        "ABL_TCN_Direct_Heavy (>10mm)_NSE": 0.9017407894134521,
        "ABL_TCN_Direct_Overall_Samples": 2491,
        "ABL_TCN_Direct_No Rain (0mm)_Samples": 1495,
        "ABL_TCN_Direct_Mod (0-10mm)_Samples": 639,