{
    "run_seed": 44,
    "metrics": {
        "BASELINE_Persistence_Overall_R2": 0.2719571967077188,
        "BASELINE_Persistence_No Rain (0mm)_R2": NaN,
        "BASELINE_Persistence_Mod (0-10mm)_R2": -6.284395744979226,
        "BASELINE_Persistence_Heavy (>10mm)_R2": -0.4297746517717542,
        "BASELINE_Persistence_Overall_MAE": 5.461220741271973,
        "BASELINE_Persistence_No Rain (0mm)_MAE": 2.599426507949829,
        "BASELINE_Persistence_Mod (0-10mm)_MAE": 4.919472694396973,
        "BASELINE_Persistence_Heavy (>10mm)_MAE": 18.4151668548584,
        "BASELINE_Persistence_Overall_MSE": 129.30484008789062,
        "BASELINE_Persistence_No Rain (0mm)_MSE": 30.940488815307617,
        "BASELINE_Persistence_Mod (0-10mm)_MSE": 59.06702423095703,
        "BASELINE_Persistence_Heavy (>10mm)_MSE": 666.9425659179688,
        "BASELINE_Persistence_Overall_RMSE": 11.371228218078613,
        "BASELINE_Persistence_No Rain (0mm)_RMSE": 5.562417507171631,
        "BASELINE_Persistence_Mod (0-10mm)_RMSE": 7.685507297515869,
        "BASELINE_Persistence_Heavy (>10mm)_RMSE": 25.825231552124023,
        "BASELINE_Persistence_Overall_MAPE": 403.90000343322754,
        "BASELINE_Persistence_No Rain (0mm)_MAPE": NaN,
        "BASELINE_Persistence_Mod (0-10mm)_MAPE": 596.7872619628906,
        "BASELINE_Persistence_Heavy (>10mm)_MAPE": 58.64797830581665,
        "BASELINE_Persistence_Overall_Bias": -0.00631417240947485,
        "BASELINE_Persistence_No Rain (0mm)_Bias": 2.599426507949829,
        "BASELINE_Persistence_Mod (0-10mm)_Bias": 3.071316957473755,
        "BASELINE_Persistence_Heavy (>10mm)_Bias": -16.427011489868164,
        "BASELINE_Persistence_Overall_NSE": 0.2719571590423584,
        "BASELINE_Persistence_No Rain (0mm)_NSE": NaN,
        "BASELINE_Persistence_Mod (0-10mm)_NSE": -6.284395217895508,
        "BASELINE_Persistence_Heavy (>10mm)_NSE": -0.4297746419906616,
        "BASELINE_Persistence_Overall_Samples": 2491,
        "BASELINE_Persistence_No Rain (0mm)_Samples": 1495,
        "BASELINE_Persistence_Mod (0-10mm)_Samples": 639,
        "BASELINE_Persistence_Heavy (>10mm)_Samples": 357,
        "BASELINE_Climatology_Overall_R2": -0.09571720955338514,
        "BASELINE_Climatology_No Rain (0mm)_R2": NaN,
        "BASELINE_Climatology_Mod (0-10mm)_R2": -0.6315486586235342,
        "BASELINE_Climatology_Heavy (>10mm)_R2": -1.849154486959042,
        "BASELINE_Climatology_Overall_MAE": 5.549234390258789,
        "BASELINE_Climatology_No Rain (0mm)_MAE": 1.1105804443359375,
        "BASELINE_Climatology_Mod (0-10mm)_MAE": 2.6258249282836914,
        "BASELINE_Climatology_Heavy (>10mm)_MAE": 29.369531631469727,
        "BASELINE_Climatology_Overall_MSE": 194.60606384277344,
        "BASELINE_Climatology_No Rain (0mm)_MSE": 1.233388900756836,
        "BASELINE_Climatology_Mod (0-10mm)_MSE": 13.229748725891113,
        "BASELINE_Climatology_Heavy (>10mm)_MSE": 1329.036376953125,
        "BASELINE_Climatology_Overall_RMSE": 13.950127601623535,
        "BASELINE_Climatology_No Rain (0mm)_RMSE": 1.1105804443359375,
        "BASELINE_Climatology_Mod (0-10mm)_RMSE": 3.6372721195220947,
        "BASELINE_Climatology_Heavy (>10mm)_RMSE": 36.45595169067383,
        "BASELINE_Climatology_Overall_MAPE": 113.02134990692139,
        "BASELINE_Climatology_No Rain (0mm)_MAPE": NaN,
        "BASELINE_Climatology_Mod (0-10mm)_MAPE": 123.19272756576538,
        "BASELINE_Climatology_Heavy (>10mm)_MAPE": 94.81545090675354,
        "BASELINE_Climatology_Overall_Bias": -4.123100757598877,
        "BASELINE_Climatology_No Rain (0mm)_Bias": 1.1105804443359375,
        "BASELINE_Climatology_Mod (0-10mm)_Bias": -2.262972116470337,
        "BASELINE_Climatology_Heavy (>10mm)_Bias": -29.369531631469727,
        "BASELINE_Climatology_Overall_NSE": -0.09571731090545654,
        "BASELINE_Climatology_No Rain (0mm)_NSE": NaN,
        "BASELINE_Climatology_Mod (0-10mm)_NSE": -0.6315486431121826,
        "BASELINE_Climatology_Heavy (>10mm)_NSE": -1.8491547107696533,
        "BASELINE_Climatology_Overall_Samples": 2491,
        "BASELINE_Climatology_No Rain (0mm)_Samples": 1495,
        "BASELINE_Climatology_Mod (0-10mm)_Samples": 639,
        "BASELINE_Climatology_Heavy (>10mm)_Samples": 357,
        "ABL_TCN_Gated_Overall_R2": 0.9614250819786572,
        "ABL_TCN_Gated_No Rain (0mm)_R2": NaN,
        "ABL_TCN_Gated_Mod (0-10mm)_R2": 0.6209617132547446,
        "ABL_TCN_Gated_Heavy (>10mm)_R2": 0.9104849160661895,
        "ABL_TCN_Gated_Overall_MAE": 0.8930812783531992,
        "ABL_TCN_Gated_No Rain (0mm)_MAE": 0.0717214903638835,
        "ABL_TCN_Gated_Mod (0-10mm)_MAE": 1.2117989251393508,
        "ABL_TCN_Gated_Heavy (>10mm)_MAE": 3.7621913812878662,
        "ABL_TCN_Gated_Overall_MSE": 6.851140701225584,
        "ABL_TCN_Gated_No Rain (0mm)_MSE": 0.13069484127802955,
        "ABL_TCN_Gated_Mod (0-10mm)_MSE": 3.073510092216882,
        "ABL_TCN_Gated_Heavy (>10mm)_MSE": 41.755825630576155,
        "ABL_TCN_Gated_Overall_RMSE": 2.6174683763563573,
        "ABL_TCN_Gated_No Rain (0mm)_RMSE": 0.3615174149028364,
        "ABL_TCN_Gated_Mod (0-10mm)_RMSE": 1.7531429183660077,
        "ABL_TCN_Gated_Heavy (>10mm)_RMSE": 6.461874776763795,
        "ABL_TCN_Gated_Overall_MAPE": 42.7976200172945,
        "ABL_TCN_Gated_No Rain (0mm)_MAPE": NaN,
        "ABL_TCN_Gated_Mod (0-10mm)_MAPE": 59.50907689039212,
        "ABL_TCN_Gated_Heavy (>10mm)_MAPE": 12.885516538556734,
        "ABL_TCN_Gated_Overall_Bias": -0.5217819038285604,
        "ABL_TCN_Gated_No Rain (0mm)_Bias": 0.0717214903638835,
        "ABL_TCN_Gated_Mod (0-10mm)_Bias": -1.071290521182082,
        "ABL_TCN_Gated_Heavy (>10mm)_Bias": -2.0236070237971977,
        "ABL_TCN_Gated_Overall_NSE": 0.9614250810321112,
        "ABL_TCN_Gated_No Rain (0mm)_NSE": NaN,
        "ABL_TCN_Gated_Mod (0-10mm)_NSE": 0.6209617234926477,
        "ABL_TCN_Gated_Heavy (>10mm)_NSE": 0.9104849141976472,
        "ABL_TCN_Gated_Overall_Samples": 2491,
        "ABL_TCN_Gated_No Rain (0mm)_Samples": 1495,
        "ABL_TCN_Gated_Mod (0-10mm)_Samples": 639,
        "ABL_TCN_Gated_Heavy (>10mm)_Samples": 357,
        "ABL_TCN_Direct_Overall_R2": 0.9624300059796265,
        "ABL_TCN_Direct_No Rain (0mm)_R2": NaN,
        "ABL_TCN_Direct_Mod (0-10mm)_R2": 0.6830471255537013,
        "ABL_TCN_Direct_Heavy (>10mm)_R2": 0.9117215969997299,
        "ABL_TCN_Direct_Overall_MAE": 0.8968487977981567,
        "ABL_TCN_Direct_No Rain (0mm)_MAE": 0.14257629215717316,
        "ABL_TCN_Direct_Mod (0-10mm)_MAE": 1.0793403387069702,
        "ABL_TCN_Direct_Heavy (>10mm)_MAE": 3.7288520336151123,
        "ABL_TCN_Direct_Overall_MSE": 6.672659873962402,
        "ABL_TCN_Direct_No Rain (0mm)_MSE": 0.1862405687570572,
        "ABL_TCN_Direct_Mod (0-10mm)_MSE": 2.570077657699585,
        "ABL_TCN_Direct_Heavy (>10mm)_MSE": 41.178955078125,
        "ABL_TCN_Direct_Overall_RMSE": 2.5831491947174072,
        "ABL_TCN_Direct_No Rain (0mm)_RMSE": 0.43155598640441895,
        "ABL_TCN_Direct_Mod (0-10mm)_RMSE": 1.6031461954116821,
        "ABL_TCN_Direct_Heavy (>10mm)_RMSE": 6.417083263397217,
        "ABL_TCN_Direct_Overall_MAPE": 41.590821743011475,
        "ABL_TCN_Direct_No Rain (0mm)_MAPE": NaN,
        "ABL_TCN_Direct_Mod (0-10mm)_MAPE": 57.73395895957947,
        "ABL_TCN_Direct_Heavy (>10mm)_MAPE": 12.695963680744171,
        "ABL_TCN_Direct_Overall_Bias": -0.4212149977684021,
        "ABL_TCN_Direct_No Rain (0mm)_Bias": 0.14257629215717316,
        "ABL_TCN_Direct_Mod (0-10mm)_Bias": -0.8747904300689697,
        "ABL_TCN_Direct_Heavy (>10mm)_Bias": -1.9703278541564941,
        "ABL_TCN_Direct_Overall_NSE": 0.9624300077557564,
        "ABL_TCN_Direct_No Rain (0mm)_NSE": NaN,
        "ABL_TCN_Direct_Mod (0-10mm)_NSE": 0.6830471456050873,
        "ABL_TCN_Direct_Heavy (>10mm)_NSE": 0.9117215946316719,
        "ABL_TCN_Direct_Overall_Samples": 2491,
        "ABL_TCN_Direct_No Rain (0mm)_Samples": 1495,
        "ABL_TCN_Direct_Mod (0-10mm)_Samples": 639,