{
    "run_seed": 45,
    "metrics": {
        "BASELINE_Persistence_Overall_R2": 0.2719571967077188,
        "BASELINE_Persistence_No Rain (0mm)_R2": NaN,
        "BASELINE_Persistence_Mod (0-10mm)_R2": -6.284395744979226,
        "BASELINE_Persistence_Heavy (>10mm)_R2": -0.4297746517717542,
        "BASELINE_Persistence_Overall_MAE": 5.461220741271973,
        "BASELINE_Persistence_No Rain (0mm)_MAE": 2.599426507949829,
        "BASELINE_Persistence_Mod (0-10mm)_MAE": 4.919472694396973,
        "BASELINE_Persistence_Heavy (>10mm)_MAE": 18.4151668548584,
        "BASELINE_Persistence_Overall_MSE": 129.30484008789062,
        "BASELINE_Persistence_No Rain (0mm)_MSE": 30.940488815307617,
        "BASELINE_Persistence_Mod (0-10mm)_MSE": 59.06702423095703,
        "BASELINE_Persistence_Heavy (>10mm)_MSE": 666.9425659179688,
        "BASELINE_Persistence_Overall_RMSE": 11.371228218078613,
        "BASELINE_Persistence_No Rain (0mm)_RMSE": 5.562417507171631,
        "BASELINE_Persistence_Mod (0-10mm)_RMSE": 7.685507297515869,
        "BASELINE_Persistence_Heavy (>10mm)_RMSE": 25.825231552124023,
        "BASELINE_Persistence_Overall_MAPE": 403.90000343322754,
        "BASELINE_Persistence_No Rain (0mm)_MAPE": NaN,
        "BASELINE_Persistence_Mod (0-10mm)_MAPE": 596.7872619628906,
        "BASELINE_Persistence_Heavy (>10mm)_MAPE": 58.64797830581665,
        "BASELINE_Persistence_Overall_Bias": -0.00631417240947485,
        "BASELINE_Persistence_No Rain (0mm)_Bias": 2.599426507949829,
        "BASELINE_Persistence_Mod (0-10mm)_Bias": 3.071316957473755,
        "BASELINE_Persistence_Heavy (>10mm)_Bias": -16.427011489868164,
        "BASELINE_Persistence_Overall_NSE": 0.2719571590423584,
        "BASELINE_Persistence_No Rain (0mm)_NSE": NaN,
        "BASELINE_Persistence_Mod (0-10mm)_NSE": -6.284395217895508,
        "BASELINE_Persistence_Heavy (>10mm)_NSE": -0.4297746419906616,
        "BASELINE_Persistence_Overall_Samples": 2491,
        "BASELINE_Persistence_No Rain (0mm)_Samples": 1495,
        "BASELINE_Persistence_Mod (0-10mm)_Samples": 639,
        "BASELINE_Persistence_Heavy (>10mm)_Samples": 357,
        "BASELINE_Climatology_Overall_R2": -0.09571720955338514,
        "BASELINE_Climatology_No Rain (0mm)_R2": NaN,
        "BASELINE_Climatology_Mod (0-10mm)_R2": -0.6315486586235342,
        "BASELINE_Climatology_Heavy (>10mm)_R2": -1.849154486959042,
        "BASELINE_Climatology_Overall_MAE": 5.549234390258789,
        "BASELINE_Climatology_No Rain (0mm)_MAE": 1.1105804443359375,
        "BASELINE_Climatology_Mod (0-10mm)_MAE": 2.6258249282836914,
        "BASELINE_Climatology_Heavy (>10mm)_MAE": 29.369531631469727,
        "BASELINE_Climatology_Overall_MSE": 194.60606384277344,
        "BASELINE_Climatology_No Rain (0mm)_MSE": 1.233388900756836,
        "BASELINE_Climatology_Mod (0-10mm)_MSE": 13.229748725891113,
        "BASELINE_Climatology_Heavy (>10mm)_MSE": 1329.036376953125,
        "BASELINE_Climatology_Overall_RMSE": 13.950127601623535,
        "BASELINE_Climatology_No Rain (0mm)_RMSE": 1.1105804443359375,
        "BASELINE_Climatology_Mod (0-10mm)_RMSE": 3.6372721195220947,
        "BASELINE_Climatology_Heavy (>10mm)_RMSE": 36.45595169067383,
        "BASELINE_Climatology_Overall_MAPE": 113.02134990692139,
        "BASELINE_Climatology_No Rain (0mm)_MAPE": NaN,
        "BASELINE_Climatology_Mod (0-10mm)_MAPE": 123.19272756576538,
        "BASELINE_Climatology_Heavy (>10mm)_MAPE": 94.81545090675354,
        "BASELINE_Climatology_Overall_Bias": -4.123100757598877,
        "BASELINE_Climatology_No Rain (0mm)_Bias": 1.1105804443359375,
        "BASELINE_Climatology_Mod (0-10mm)_Bias": -2.262972116470337,
        "BASELINE_Climatology_Heavy (>10mm)_Bias": -29.369531631469727,
        "BASELINE_Climatology_Overall_NSE": -0.09571731090545654,
        "BASELINE_Climatology_No Rain (0mm)_NSE": NaN,
        "BASELINE_Climatology_Mod (0-10mm)_NSE": -0.6315486431121826,
        "BASELINE_Climatology_Heavy (>10mm)_NSE": -1.8491547107696533,
        "BASELINE_Climatology_Overall_Samples": 2491,
        "BASELINE_Climatology_No Rain (0mm)_Samples": 1495,
        "BASELINE_Climatology_Mod (0-10mm)_Samples": 639,
        "BASELINE_Climatology_Heavy (>10mm)_Samples": 357,
        "ABL_TCN_Gated_Overall_R2": 0.9445467007082857,
        "ABL_TCN_Gated_No Rain (0mm)_R2": NaN,
        "ABL_TCN_Gated_Mod (0-10mm)_R2": 0.6358481278325536,
        "ABL_TCN_Gated_Heavy (>10mm)_R2": 0.8644853211902995,
        "ABL_TCN_Gated_Overall_MAE": 0.911735983801688,
        "ABL_TCN_Gated_No Rain (0mm)_MAE": 0.04467123113366505,
        "ABL_TCN_Gated_Mod (0-10mm)_MAE": 1.1840810430538191,
        "ABL_TCN_Gated_Heavy (>10mm)_MAE": 4.055246662727688,
        "ABL_TCN_Gated_Overall_MSE": 9.848844152682465,
        "ABL_TCN_Gated_No Rain (0mm)_MSE": 0.053210150548712525,
        "ABL_TCN_Gated_Mod (0-10mm)_MSE": 2.9528005305662655,
        "ABL_TCN_Gated_Heavy (>10mm)_MSE": 63.21311504266065,
        "ABL_TCN_Gated_Overall_RMSE": 3.138286818103544,
        "ABL_TCN_Gated_No Rain (0mm)_RMSE": 0.23067325494888333,
        "ABL_TCN_Gated_Mod (0-10mm)_RMSE": 1.7183714763014037,
        "ABL_TCN_Gated_Heavy (>10mm)_RMSE": 7.950667584716434,
        "ABL_TCN_Gated_Overall_MAPE": 42.331036342429954,
        "ABL_TCN_Gated_No Rain (0mm)_MAPE": NaN,
        "ABL_TCN_Gated_Mod (0-10mm)_MAPE": 59.02254162750695,
        "ABL_TCN_Gated_Heavy (>10mm)_MAPE": 12.454644529645073,
        "ABL_TCN_Gated_Overall_Bias": -0.7742917293615067,
        "ABL_TCN_Gated_No Rain (0mm)_Bias": 0.04467123113366505,
        "ABL_TCN_Gated_Mod (0-10mm)_Bias": -0.9774897371239223,
        "ABL_TCN_Gated_Heavy (>10mm)_Bias": -3.840135143871586,
        "ABL_TCN_Gated_Overall_NSE": 0.9445466993475804,
        "ABL_TCN_Gated_No Rain (0mm)_NSE": NaN,
        "ABL_TCN_Gated_Mod (0-10mm)_NSE": 0.6358481376683714,
        "ABL_TCN_Gated_Heavy (>10mm)_NSE": 0.8644853183615595,
        "ABL_TCN_Gated_Overall_Samples": 2491,
        "ABL_TCN_Gated_No Rain (0mm)_Samples": 1495,
        "ABL_TCN_Gated_Mod (0-10mm)_Samples": 639,
        "ABL_TCN_Gated_Heavy (>10mm)_Samples": 357,
        "ABL_TCN_Direct_Overall_R2": 0.9456383206214584,
        "ABL_TCN_Direct_No Rain (0mm)_R2": NaN,
        "ABL_TCN_Direct_Mod (0-10mm)_R2": 0.6902648770915168,
        "ABL_TCN_Direct_Heavy (>10mm)_R2": 0.8660179882201866,
        "ABL_TCN_Direct_Overall_MAE": 0.9076193571090698,
        "ABL_TCN_Direct_No Rain (0mm)_MAE": 0.09425701200962067,
        "ABL_TCN_Direct_Mod (0-10mm)_MAE": 1.0726165771484375,
        "ABL_TCN_Direct_Heavy (>10mm)_MAE": 4.018385887145996,
        "ABL_TCN_Direct_Overall_MSE": 9.6549654006958,
        "ABL_TCN_Direct_No Rain (0mm)_MSE": 0.08949138224124908,
        "ABL_TCN_Direct_Mod (0-10mm)_MSE": 2.5115511417388916,
        "ABL_TCN_Direct_Heavy (>10mm)_MSE": 62.498172760009766,
        "ABL_TCN_Direct_Overall_RMSE": 3.1072440147399902,
        "ABL_TCN_Direct_No Rain (0mm)_RMSE": 0.29915109276771545,
        "ABL_TCN_Direct_Mod (0-10mm)_RMSE": 1.584787368774414,
        "ABL_TCN_Direct_Heavy (>10mm)_RMSE": 7.90557861328125,
        "ABL_TCN_Direct_Overall_MAPE": 39.6549791097641,
        "ABL_TCN_Direct_No Rain (0mm)_MAPE": NaN,
        "ABL_TCN_Direct_Mod (0-10mm)_MAPE": 54.94145750999451,
        "ABL_TCN_Direct_Heavy (>10mm)_MAPE": 12.293461710214615,
        "ABL_TCN_Direct_Overall_Bias": -0.6984899640083313,
        "ABL_TCN_Direct_No Rain (0mm)_Bias": 0.09425701200962067,
        "ABL_TCN_Direct_Mod (0-10mm)_Bias": -0.8219041228294373,
        "ABL_TCN_Direct_Heavy (>10mm)_Bias": -3.7973556518554688,
        "ABL_TCN_Direct_Overall_NSE": 0.9456383213400841,
        "ABL_TCN_Direct_No Rain (0mm)_NSE": NaN,
        "ABL_TCN_Direct_Mod (0-10mm)_NSE": 0.690264880657196,
        "ABL_TCN_Direct_Heavy (>10mm)_NSE": 0.8660179972648621,
        "ABL_TCN_Direct_Overall_Samples": 2491,
        "ABL_TCN_Direct_No Rain (0mm)_Samples": 1495,
        "ABL_TCN_Direct_Mod (0-10mm)_Samples": 639,