{
    "run_seed": 44,
    "metrics": {
        "BASELINE_Persistence_Overall_R2": 0.2540015244971854,
        "BASELINE_Persistence_Overall_MAE": 6.1934027671813965,
        "BASELINE_Persistence_Overall_MSE": 153.20376586914062,
        "BASELINE_Persistence_Overall_RMSE": 12.377551078796387,
        "BASELINE_Persistence_Overall_MAPE": 425.79002380371094,
        "BASELINE_Persistence_Overall_Bias": -0.03153175115585327,
        "BASELINE_Persistence_Overall_NSE": 0.2540014386177063,
        "BASELINE_Persistence_Mod (0-10mm)_R2": -14.646928966216562,
        "BASELINE_Persistence_Mod (0-10mm)_MAE": 6.798910140991211,
        "BASELINE_Persistence_Mod (0-10mm)_MSE": 107.15498352050781,
        "BASELINE_Persistence_Mod (0-10mm)_RMSE": 10.351569175720215,
        "BASELINE_Persistence_Mod (0-10mm)_MAPE": 707.3344707489014,
        "BASELINE_Persistence_Mod (0-10mm)_Bias": 5.5633320808410645,
        "BASELINE_Persistence_Mod (0-10mm)_NSE": -14.646927833557129,
        "BASELINE_Persistence_Heavy (>10mm)_R2": -0.4097617065756822,
        "BASELINE_Persistence_Heavy (>10mm)_MAE": 18.742856979370117,
        "BASELINE_Persistence_Heavy (>10mm)_MSE": 670.1409301757812,
        "BASELINE_Persistence_Heavy (>10mm)_RMSE": 25.887081146240234,
        "BASELINE_Persistence_Heavy (>10mm)_MAPE": 55.442988872528076,
        "BASELINE_Persistence_Heavy (>10mm)_Bias": -17.316129684448242,
        "BASELINE_Persistence_Heavy (>10mm)_NSE": -0.40976154804229736,
        "BASELINE_Climatology_Overall_R2": -0.09599192531607037,
        "BASELINE_Climatology_Overall_MAE": 6.191659450531006,
        "BASELINE_Climatology_Overall_MSE": 225.08102416992188,
        "BASELINE_Climatology_Overall_RMSE": 15.002700805664062,
        "BASELINE_Climatology_Overall_MAPE": 103.55404615402222,
        "BASELINE_Climatology_Overall_Bias": -4.440001010894775,
        "BASELINE_Climatology_Overall_NSE": -0.0959920883178711,
        "BASELINE_Climatology_Mod (0-10mm)_R2": -0.4950398002104781,
        "BASELINE_Climatology_Mod (0-10mm)_MAE": 2.315924644470215,
        "BASELINE_Climatology_Mod (0-10mm)_MSE": 10.238492965698242,
        "BASELINE_Climatology_Mod (0-10mm)_RMSE": 3.1997644901275635,
        "BASELINE_Climatology_Mod (0-10mm)_MAPE": 111.03990077972412,
        "BASELINE_Climatology_Mod (0-10mm)_Bias": -1.841245412826538,
        "BASELINE_Climatology_Mod (0-10mm)_NSE": -0.495039701461792,
        "BASELINE_Climatology_Heavy (>10mm)_R2": -1.824103267278132,
        "BASELINE_Climatology_Heavy (>10mm)_MAE": 29.44658660888672,
        "BASELINE_Climatology_Heavy (>10mm)_MSE": 1342.4588623046875,
        "BASELINE_Climatology_Heavy (>10mm)_RMSE": 36.63957977294922,
        "BASELINE_Climatology_Heavy (>10mm)_MAPE": 93.70704293251038,
        "BASELINE_Climatology_Heavy (>10mm)_Bias": -29.44658660888672,
        "BASELINE_Climatology_Heavy (>10mm)_NSE": -1.8241028785705566,
        "ABL_TCN_Gated_Overall_R2": 0.9560975295316688,
        "ABL_TCN_Gated_Overall_MAE": 1.13899096676493,
        "ABL_TCN_Gated_Overall_MSE": 9.016135993601484,
        "ABL_TCN_Gated_Overall_RMSE": 3.0026881279282875,
        "ABL_TCN_Gated_Overall_MAPE": 46.96155272393245,
        "ABL_TCN_Gated_Overall_Bias": -0.9285857931534827,
        "ABL_TCN_Gated_Overall_NSE": 0.9560975257176257,
        "ABL_TCN_Gated_Mod (0-10mm)_R2": 0.08566889532231992,
        "ABL_TCN_Gated_Mod (0-10mm)_MAE": 1.786468090704153,
        "ABL_TCN_Gated_Mod (0-10mm)_MSE": 6.261620898986276,
        "ABL_TCN_Gated_Mod (0-10mm)_RMSE": 2.5023231004381263,
        "ABL_TCN_Gated_Mod (0-10mm)_MAPE": 69.99605692569327,
        "ABL_TCN_Gated_Mod (0-10mm)_Bias": -1.6158519018048945,
        "ABL_TCN_Gated_Mod (0-10mm)_NSE": 0.08566893667076025,
        "ABL_TCN_Gated_Heavy (>10mm)_R2": 0.9026062865235467,
        "ABL_TCN_Gated_Heavy (>10mm)_MAE": 4.424272267846822,
        "ABL_TCN_Gated_Heavy (>10mm)_MSE": 46.29684282409817,
        "ABL_TCN_Gated_Heavy (>10mm)_RMSE": 6.804178335706537,
        "ABL_TCN_Gated_Heavy (>10mm)_MAPE": 16.66168518971659,
        "ABL_TCN_Gated_Heavy (>10mm)_Bias": -3.616895152409014,
        "ABL_TCN_Gated_Heavy (>10mm)_NSE": 0.9026062925331054,
        "ABL_TCN_Direct_Overall_R2": 0.9574736245689072,
        "ABL_TCN_Direct_Overall_MAE": 1.1292368173599243,
        "ABL_TCN_Direct_Overall_MSE": 8.73353099822998,
        "ABL_TCN_Direct_Overall_RMSE": 2.9552547931671143,
        "ABL_TCN_Direct_Overall_MAPE": 43.70467662811279,
        "ABL_TCN_Direct_Overall_Bias": -0.843049943447113,
        "ABL_TCN_Direct_Overall_NSE": 0.9574736207723618,
        "ABL_TCN_Direct_Mod (0-10mm)_R2": 0.18899687622434624,
        "ABL_TCN_Direct_Mod (0-10mm)_MAE": 1.640874981880188,
        "ABL_TCN_Direct_Mod (0-10mm)_MSE": 5.553998947143555,
        "ABL_TCN_Direct_Mod (0-10mm)_RMSE": 2.356692314147949,
        "ABL_TCN_Direct_Mod (0-10mm)_MAPE": 64.50577974319458,
        "ABL_TCN_Direct_Mod (0-10mm)_Bias": -1.4117730855941772,
        "ABL_TCN_Direct_Mod (0-10mm)_NSE": 0.18899691104888916,
        "ABL_TCN_Direct_Heavy (>10mm)_R2": 0.9044770837504136,
        "ABL_TCN_Direct_Heavy (>10mm)_MAE": 4.372457981109619,
        "ABL_TCN_Direct_Heavy (>10mm)_MSE": 45.40754318237305,
        "ABL_TCN_Direct_Heavy (>10mm)_RMSE": 6.73851203918457,
        "ABL_TCN_Direct_Heavy (>10mm)_MAPE": 16.34264886379242,
        "ABL_TCN_Direct_Heavy (>10mm)_Bias": -3.551809549331665,
        "ABL_TCN_Direct_Heavy (>10mm)_NSE": 0.9044770896434784,
        "ABL_LSTM_Gated_Overall_R2": 0.9789146224700249,
        "ABL_LSTM_Gated_Overall_MAE": 0.84889922153023,
        "ABL_LSTM_Gated_Overall_MSE": 4.330249055661183,
        "ABL_LSTM_Gated_Overall_RMSE": 2.0809250480642456,
        "ABL_LSTM_Gated_Overall_MAPE": 39.776777341098516,
        "ABL_LSTM_Gated_Overall_Bias": 0.5386093292579642,
        "ABL_LSTM_Gated_Overall_NSE": 0.9789146206382251,
        "ABL_LSTM_Gated_Mod (0-10mm)_R2": 0.7143486829331496,
        "ABL_LSTM_Gated_Mod (0-10mm)_MAE": 0.9948353437958006,
        "ABL_LSTM_Gated_Mod (0-10mm)_MSE": 1.9562281624437103,
        "ABL_LSTM_Gated_Mod (0-10mm)_RMSE": 1.3986522664492809,
        "ABL_LSTM_Gated_Mod (0-10mm)_MAPE": 60.64928401738749,
        "ABL_LSTM_Gated_Mod (0-10mm)_Bias": -0.09062827336231323,
        "ABL_LSTM_Gated_Mod (0-10mm)_NSE": 0.7143486958510481,
        "ABL_LSTM_Gated_Heavy (>10mm)_R2": 0.9511176036784612,
        "ABL_LSTM_Gated_Heavy (>10mm)_MAE": 3.5673004833484345,
        "ABL_LSTM_Gated_Heavy (>10mm)_MSE": 23.236619064850682,
        "ABL_LSTM_Gated_Heavy (>10mm)_RMSE": 4.820437642460556,
        "ABL_LSTM_Gated_Heavy (>10mm)_MAPE": 12.320827698811575,
        "ABL_LSTM_Gated_Heavy (>10mm)_Bias": 3.1167109473239574,
        "ABL_LSTM_Gated_Heavy (>10mm)_NSE": 0.9511176066946889,
        "ABL_LSTM_Direct_Overall_R2": 0.9789511272076569,
        "ABL_LSTM_Direct_Overall_MAE": 0.8629934787750244,
        "ABL_LSTM_Direct_Overall_MSE": 4.322751998901367,
        "ABL_LSTM_Direct_Overall_RMSE": 2.07912278175354,
        "ABL_LSTM_Direct_Overall_MAPE": 38.17571997642517,
        "ABL_LSTM_Direct_Overall_Bias": 0.5658055543899536,
        "ABL_LSTM_Direct_Overall_NSE": 0.9789511263370514,
        "ABL_LSTM_Direct_Mod (0-10mm)_R2": 0.7241863517892024,
        "ABL_LSTM_Direct_Mod (0-10mm)_MAE": 0.9683684706687927,
        "ABL_LSTM_Direct_Mod (0-10mm)_MSE": 1.8888567686080933,
        "ABL_LSTM_Direct_Mod (0-10mm)_RMSE": 1.3743568658828735,
        "ABL_LSTM_Direct_Mod (0-10mm)_MAPE": 57.830995321273804,
        "ABL_LSTM_Direct_Mod (0-10mm)_Bias": -0.05683168023824692,
        "ABL_LSTM_Direct_Mod (0-10mm)_NSE": 0.724186360836029,
        "ABL_LSTM_Direct_Heavy (>10mm)_R2": 0.9511175234611117,
        "ABL_LSTM_Direct_Heavy (>10mm)_MAE": 3.56731915473938,
        "ABL_LSTM_Direct_Heavy (>10mm)_MSE": 23.236658096313477,
        "ABL_LSTM_Direct_Heavy (>10mm)_RMSE": 4.820441722869873,
        "ABL_LSTM_Direct_Heavy (>10mm)_MAPE": 12.320930510759354,