{
    "run_seed": 45,
    "metrics": {
        "BASELINE_Persistence_Overall_R2": 0.2540015244971854,
        "BASELINE_Persistence_Overall_MAE": 6.1934027671813965,
        "BASELINE_Persistence_Overall_MSE": 153.20376586914062,
        "BASELINE_Persistence_Overall_RMSE": 12.377551078796387,
        "BASELINE_Persistence_Overall_MAPE": 425.79002380371094,
        "BASELINE_Persistence_Overall_Bias": -0.03153175115585327,
        "BASELINE_Persistence_Overall_NSE": 0.2540014386177063,
        "BASELINE_Persistence_Mod (0-10mm)_R2": -14.646928966216562,
        "BASELINE_Persistence_Mod (0-10mm)_MAE": 6.798910140991211,
        "BASELINE_Persistence_Mod (0-10mm)_MSE": 107.15498352050781,
        "BASELINE_Persistence_Mod (0-10mm)_RMSE": 10.351569175720215,
        "BASELINE_Persistence_Mod (0-10mm)_MAPE": 707.3344707489014,
        "BASELINE_Persistence_Mod (0-10mm)_Bias": 5.5633320808410645,
        "BASELINE_Persistence_Mod (0-10mm)_NSE": -14.646927833557129,
        "BASELINE_Persistence_Heavy (>10mm)_R2": -0.4097617065756822,
        "BASELINE_Persistence_Heavy (>10mm)_MAE": 18.742856979370117,
        "BASELINE_Persistence_Heavy (>10mm)_MSE": 670.1409301757812,
        "BASELINE_Persistence_Heavy (>10mm)_RMSE": 25.887081146240234,
        "BASELINE_Persistence_Heavy (>10mm)_MAPE": 55.442988872528076,
        "BASELINE_Persistence_Heavy (>10mm)_Bias": -17.316129684448242,
        "BASELINE_Persistence_Heavy (>10mm)_NSE": -0.40976154804229736,
        "BASELINE_Climatology_Overall_R2": -0.09599192531607037,
        "BASELINE_Climatology_Overall_MAE": 6.191659450531006,
        "BASELINE_Climatology_Overall_MSE": 225.08102416992188,
        "BASELINE_Climatology_Overall_RMSE": 15.002700805664062,
        "BASELINE_Climatology_Overall_MAPE": 103.55404615402222,
        "BASELINE_Climatology_Overall_Bias": -4.440001010894775,
        "BASELINE_Climatology_Overall_NSE": -0.0959920883178711,
        "BASELINE_Climatology_Mod (0-10mm)_R2": -0.4950398002104781,
        "BASELINE_Climatology_Mod (0-10mm)_MAE": 2.315924644470215,
        "BASELINE_Climatology_Mod (0-10mm)_MSE": 10.238492965698242,
        "BASELINE_Climatology_Mod (0-10mm)_RMSE": 3.1997644901275635,
        "BASELINE_Climatology_Mod (0-10mm)_MAPE": 111.03990077972412,
        "BASELINE_Climatology_Mod (0-10mm)_Bias": -1.841245412826538,
        "BASELINE_Climatology_Mod (0-10mm)_NSE": -0.495039701461792,
        "BASELINE_Climatology_Heavy (>10mm)_R2": -1.824103267278132,
        "BASELINE_Climatology_Heavy (>10mm)_MAE": 29.44658660888672,
        "BASELINE_Climatology_Heavy (>10mm)_MSE": 1342.4588623046875,
        "BASELINE_Climatology_Heavy (>10mm)_RMSE": 36.63957977294922,
        "BASELINE_Climatology_Heavy (>10mm)_MAPE": 93.70704293251038,
        "BASELINE_Climatology_Heavy (>10mm)_Bias": -29.44658660888672,
        "BASELINE_Climatology_Heavy (>10mm)_NSE": -1.8241028785705566,
        "ABL_TCN_Gated_Overall_R2": 0.9688781058522697,
        "ABL_TCN_Gated_Overall_MAE": 1.0418706355093448,
        "ABL_TCN_Gated_Overall_MSE": 6.391422328199394,
        "ABL_TCN_Gated_Overall_RMSE": 2.5281262484692877,
        "ABL_TCN_Gated_Overall_MAPE": 48.178211443981716,
        "ABL_TCN_Gated_Overall_Bias": -0.5696043861717133,
        "ABL_TCN_Gated_Overall_NSE": 0.9688781031485438,
        "ABL_TCN_Gated_Mod (0-10mm)_R2": 0.0714035427389248,
        "ABL_TCN_Gated_Mod (0-10mm)_MAE": 1.8528913969628382,
        "ABL_TCN_Gated_Mod (0-10mm)_MSE": 6.359314425336431,
        "ABL_TCN_Gated_Mod (0-10mm)_RMSE": 2.521768114902009,
        "ABL_TCN_Gated_Mod (0-10mm)_MAPE": 73.74035459666874,
        "ABL_TCN_Gated_Mod (0-10mm)_Bias": -1.581906618472276,
        "ABL_TCN_Gated_Mod (0-10mm)_NSE": 0.07140358473248165,
        "ABL_TCN_Gated_Heavy (>10mm)_R2": 0.9365195686921238,
        "ABL_TCN_Gated_Heavy (>10mm)_MAE": 3.733517875625107,
        "ABL_TCN_Gated_Heavy (>10mm)_MSE": 30.175906080193243,
        "ABL_TCN_Gated_Heavy (>10mm)_RMSE": 5.493260059399449,
        "ABL_TCN_Gated_Heavy (>10mm)_MAPE": 14.553456830948974,
        "ABL_TCN_Gated_Heavy (>10mm)_Bias": -1.5037955292301628,
        "ABL_TCN_Gated_Heavy (>10mm)_NSE": 0.9365195726091053,
        "ABL_TCN_Direct_Overall_R2": 0.9703003294381622,
        "ABL_TCN_Direct_Overall_MAE": 1.0316448211669922,
        "ABL_TCN_Direct_Overall_MSE": 6.099343776702881,
        "ABL_TCN_Direct_Overall_RMSE": 2.4696848392486572,
        "ABL_TCN_Direct_Overall_MAPE": 44.62415874004364,
        "ABL_TCN_Direct_Overall_Bias": -0.4672029912471771,
        "ABL_TCN_Direct_Overall_NSE": 0.9703003261238337,
        "ABL_TCN_Direct_Mod (0-10mm)_R2": 0.19807328173662753,
        "ABL_TCN_Direct_Mod (0-10mm)_MAE": 1.6763432025909424,
        "ABL_TCN_Direct_Mod (0-10mm)_MSE": 5.491840839385986,
        "ABL_TCN_Direct_Mod (0-10mm)_RMSE": 2.3434677124023438,
        "ABL_TCN_Direct_Mod (0-10mm)_MAPE": 67.73917078971863,
        "ABL_TCN_Direct_Mod (0-10mm)_Bias": -1.332873821258545,
        "ABL_TCN_Direct_Mod (0-10mm)_NSE": 0.19807332754135132,
        "ABL_TCN_Direct_Heavy (>10mm)_R2": 0.9381422558786193,
        "ABL_TCN_Direct_Heavy (>10mm)_MAE": 3.6861000061035156,
        "ABL_TCN_Direct_Heavy (>10mm)_MSE": 29.40454864501953,
        "ABL_TCN_Direct_Heavy (>10mm)_RMSE": 5.422595977783203,
        "ABL_TCN_Direct_Heavy (>10mm)_MAPE": 14.218397438526154,
        "ABL_TCN_Direct_Heavy (>10mm)_Bias": -1.4292094707489014,
        "ABL_TCN_Direct_Heavy (>10mm)_NSE": 0.9381422623991966,
        "ABL_LSTM_Gated_Overall_R2": 0.9751739728211827,
        "ABL_LSTM_Gated_Overall_MAE": 0.8666083244545353,
        "ABL_LSTM_Gated_Overall_MSE": 5.098456529605223,
        "ABL_LSTM_Gated_Overall_RMSE": 2.257976202178673,
        "ABL_LSTM_Gated_Overall_MAPE": 37.922895283095045,
        "ABL_LSTM_Gated_Overall_Bias": -0.6836878933438475,
        "ABL_LSTM_Gated_Overall_NSE": 0.9751739706644125,
        "ABL_LSTM_Gated_Mod (0-10mm)_R2": 0.7597173229786406,
        "ABL_LSTM_Gated_Mod (0-10mm)_MAE": 0.9291168998649667,
        "ABL_LSTM_Gated_Mod (0-10mm)_MSE": 1.6455297478167943,
        "ABL_LSTM_Gated_Mod (0-10mm)_RMSE": 1.2827820344145744,
        "ABL_LSTM_Gated_Mod (0-10mm)_MAPE": 57.947882308077794,
        "ABL_LSTM_Gated_Mod (0-10mm)_Bias": -0.5056386262477649,
        "ABL_LSTM_Gated_Mod (0-10mm)_NSE": 0.7597173338448507,
        "ABL_LSTM_Gated_Heavy (>10mm)_R2": 0.9401661419792829,
        "ABL_LSTM_Gated_Heavy (>10mm)_MAE": 3.790984262771407,
        "ABL_LSTM_Gated_Heavy (>10mm)_MSE": 28.442479719332916,
        "ABL_LSTM_Gated_Heavy (>10mm)_RMSE": 5.333149137173357,
        "ABL_LSTM_Gated_Heavy (>10mm)_MAPE": 11.581783318332798,
        "ABL_LSTM_Gated_Heavy (>10mm)_Bias": -3.7068473995156768,
        "ABL_LSTM_Gated_Heavy (>10mm)_NSE": 0.9401661456712571,
        "ABL_LSTM_Direct_Overall_R2": 0.9752114906165338,
        "ABL_LSTM_Direct_Overall_MAE": 0.8742550015449524,
        "ABL_LSTM_Direct_Overall_MSE": 5.090751647949219,
        "ABL_LSTM_Direct_Overall_RMSE": 2.2562694549560547,
        "ABL_LSTM_Direct_Overall_MAPE": 36.550372838974,
        "ABL_LSTM_Direct_Overall_Bias": -0.662465512752533,
        "ABL_LSTM_Direct_Overall_NSE": 0.975211488083005,
        "ABL_LSTM_Direct_Mod (0-10mm)_R2": 0.7688661326692954,
        "ABL_LSTM_Direct_Mod (0-10mm)_MAE": 0.9023897051811218,
        "ABL_LSTM_Direct_Mod (0-10mm)_MSE": 1.5828759670257568,
        "ABL_LSTM_Direct_Mod (0-10mm)_RMSE": 1.2581239938735962,
        "ABL_LSTM_Direct_Mod (0-10mm)_MAPE": 55.532604455947876,
        "ABL_LSTM_Direct_Mod (0-10mm)_Bias": -0.4701630473136902,
        "ABL_LSTM_Direct_Mod (0-10mm)_NSE": 0.7688661366701126,
        "ABL_LSTM_Direct_Heavy (>10mm)_R2": 0.9401684399565068,
        "ABL_LSTM_Direct_Heavy (>10mm)_MAE": 3.7908248901367188,
        "ABL_LSTM_Direct_Heavy (>10mm)_MSE": 28.441387176513672,
        "ABL_LSTM_Direct_Heavy (>10mm)_RMSE": 5.333046913146973,
        "ABL_LSTM_Direct_Heavy (>10mm)_MAPE": 11.58091202378273,