{
    "run_seed": 46,
    "metrics": {
        "BASELINE_Persistence_Overall_R2": 0.2540015244971854,
        "BASELINE_Persistence_Overall_MAE": 6.1934027671813965,
        "BASELINE_Persistence_Overall_MSE": 153.20376586914062,
        "BASELINE_Persistence_Overall_RMSE": 12.377551078796387,
        "BASELINE_Persistence_Overall_MAPE": 425.79002380371094,
        "BASELINE_Persistence_Overall_Bias": -0.03153175115585327,
        "BASELINE_Persistence_Overall_NSE": 0.2540014386177063,
        "BASELINE_Persistence_Mod (0-10mm)_R2": -14.646928966216562,
        "BASELINE_Persistence_Mod (0-10mm)_MAE": 6.798910140991211,
        "BASELINE_Persistence_Mod (0-10mm)_MSE": 107.15498352050781,
        "BASELINE_Persistence_Mod (0-10mm)_RMSE": 10.351569175720215,
        "BASELINE_Persistence_Mod (0-10mm)_MAPE": 707.3344707489014,
        "BASELINE_Persistence_Mod (0-10mm)_Bias": 5.5633320808410645,
        "BASELINE_Persistence_Mod (0-10mm)_NSE": -14.646927833557129,
        "BASELINE_Persistence_Heavy (>10mm)_R2": -0.4097617065756822,
        "BASELINE_Persistence_Heavy (>10mm)_MAE": 18.742856979370117,
        "BASELINE_Persistence_Heavy (>10mm)_MSE": 670.1409301757812,
        "BASELINE_Persistence_Heavy (>10mm)_RMSE": 25.887081146240234,
        "BASELINE_Persistence_Heavy (>10mm)_MAPE": 55.442988872528076,
        "BASELINE_Persistence_Heavy (>10mm)_Bias": -17.316129684448242,
        "BASELINE_Persistence_Heavy (>10mm)_NSE": -0.40976154804229736,
        "BASELINE_Climatology_Overall_R2": -0.09599192531607037,
        "BASELINE_Climatology_Overall_MAE": 6.191659450531006,
        "BASELINE_Climatology_Overall_MSE": 225.08102416992188,
        "BASELINE_Climatology_Overall_RMSE": 15.002700805664062,
        "BASELINE_Climatology_Overall_MAPE": 103.55404615402222,
        "BASELINE_Climatology_Overall_Bias": -4.440001010894775,
        "BASELINE_Climatology_Overall_NSE": -0.0959920883178711,
        "BASELINE_Climatology_Mod (0-10mm)_R2": -0.4950398002104781,
        "BASELINE_Climatology_Mod (0-10mm)_MAE": 2.315924644470215,
        "BASELINE_Climatology_Mod (0-10mm)_MSE": 10.238492965698242,
        "BASELINE_Climatology_Mod (0-10mm)_RMSE": 3.1997644901275635,
        "BASELINE_Climatology_Mod (0-10mm)_MAPE": 111.03990077972412,
        "BASELINE_Climatology_Mod (0-10mm)_Bias": -1.841245412826538,
        "BASELINE_Climatology_Mod (0-10mm)_NSE": -0.495039701461792,
        "BASELINE_Climatology_Heavy (>10mm)_R2": -1.824103267278132,
        "BASELINE_Climatology_Heavy (>10mm)_MAE": 29.44658660888672,
        "BASELINE_Climatology_Heavy (>10mm)_MSE": 1342.4588623046875,
        "BASELINE_Climatology_Heavy (>10mm)_RMSE": 36.63957977294922,
        "BASELINE_Climatology_Heavy (>10mm)_MAPE": 93.70704293251038,
        "BASELINE_Climatology_Heavy (>10mm)_Bias": -29.44658660888672,
        "BASELINE_Climatology_Heavy (>10mm)_NSE": -1.8241028785705566,
        "ABL_TCN_Gated_Overall_R2": 0.9649818212488787,
        "ABL_TCN_Gated_Overall_MAE": 1.0495654670121555,
        "ABL_TCN_Gated_Overall_MSE": 7.191592147328137,
        "ABL_TCN_Gated_Overall_RMSE": 2.681714404504726,
        "ABL_TCN_Gated_Overall_MAPE": 49.03300003350685,
        "ABL_TCN_Gated_Overall_Bias": -0.34452694941849266,
        "ABL_TCN_Gated_Overall_NSE": 0.9649818182066616,
        "ABL_TCN_Gated_Mod (0-10mm)_R2": 0.19493443486937823,
        "ABL_TCN_Gated_Mod (0-10mm)_MAE": 1.717876517866826,
        "ABL_TCN_Gated_Mod (0-10mm)_MSE": 5.513336844701524,
        "ABL_TCN_Gated_Mod (0-10mm)_RMSE": 2.3480495831011585,
        "ABL_TCN_Gated_Mod (0-10mm)_MAPE": 74.74304188211327,
        "ABL_TCN_Gated_Mod (0-10mm)_Bias": -1.0796718776559555,
        "ABL_TCN_Gated_Mod (0-10mm)_NSE": 0.1949344712765455,
        "ABL_TCN_Gated_Heavy (>10mm)_R2": 0.9239601139199065,
        "ABL_TCN_Gated_Heavy (>10mm)_MAE": 3.9321010432310146,
        "ABL_TCN_Gated_Heavy (>10mm)_MSE": 36.146138478060415,
        "ABL_TCN_Gated_Heavy (>10mm)_RMSE": 6.0121658724672935,
        "ABL_TCN_Gated_Heavy (>10mm)_MAPE": 15.213697673512042,
        "ABL_TCN_Gated_Heavy (>10mm)_Bias": -0.8274754090790346,
        "ABL_TCN_Gated_Heavy (>10mm)_NSE": 0.9239601186118537,
        "ABL_TCN_Direct_Overall_R2": 0.9659156776688821,
        "ABL_TCN_Direct_Overall_MAE": 1.07163405418396,
        "ABL_TCN_Direct_Overall_MSE": 6.999807834625244,
        "ABL_TCN_Direct_Overall_RMSE": 2.6457149982452393,
        "ABL_TCN_Direct_Overall_MAPE": 47.57970571517944,
        "ABL_TCN_Direct_Overall_Bias": -0.21755258738994598,
        "ABL_TCN_Direct_Overall_NSE": 0.9659156762063503,
        "ABL_TCN_Direct_Mod (0-10mm)_R2": 0.29376425865386624,
        "ABL_TCN_Direct_Mod (0-10mm)_MAE": 1.5817333459854126,
        "ABL_TCN_Direct_Mod (0-10mm)_MSE": 4.836519718170166,
        "ABL_TCN_Direct_Mod (0-10mm)_RMSE": 2.199208974838257,
        "ABL_TCN_Direct_Mod (0-10mm)_MAPE": 72.34904766082764,
        "ABL_TCN_Direct_Mod (0-10mm)_Bias": -0.8045420050621033,
        "ABL_TCN_Direct_Mod (0-10mm)_NSE": 0.29376429319381714,
        "ABL_TCN_Direct_Heavy (>10mm)_R2": 0.9250226035241534,
        "ABL_TCN_Direct_Heavy (>10mm)_MAE": 3.9039745330810547,
        "ABL_TCN_Direct_Heavy (>10mm)_MSE": 35.64107894897461,
        "ABL_TCN_Direct_Heavy (>10mm)_RMSE": 5.970015048980713,
        "ABL_TCN_Direct_Heavy (>10mm)_MAPE": 14.997829496860504,
        "ABL_TCN_Direct_Heavy (>10mm)_Bias": -0.7615209221839905,
        "ABL_TCN_Direct_Heavy (>10mm)_NSE": 0.9250226020812988,
        "ABL_LSTM_Gated_Overall_R2": 0.9865930026228237,
        "ABL_LSTM_Gated_Overall_MAE": 0.6222334855141461,
        "ABL_LSTM_Gated_Overall_MSE": 2.7533601259563802,
        "ABL_LSTM_Gated_Overall_RMSE": 1.659325201989164,
        "ABL_LSTM_Gated_Overall_MAPE": 35.13674876171585,
        "ABL_LSTM_Gated_Overall_Bias": -0.47558362860974995,
        "ABL_LSTM_Gated_Overall_NSE": 0.9865930014580858,
        "ABL_LSTM_Gated_Mod (0-10mm)_R2": 0.7612333994078136,
        "ABL_LSTM_Gated_Mod (0-10mm)_MAE": 0.9114980935569952,
        "ABL_LSTM_Gated_Mod (0-10mm)_MSE": 1.6351471896769643,
        "ABL_LSTM_Gated_Mod (0-10mm)_RMSE": 1.278728739677405,
        "ABL_LSTM_Gated_Mod (0-10mm)_MAPE": 55.457822195270246,
        "ABL_LSTM_Gated_Mod (0-10mm)_Bias": -0.6364897439916221,
        "ABL_LSTM_Gated_Mod (0-10mm)_NSE": 0.7612334102054629,
        "ABL_LSTM_Gated_Heavy (>10mm)_R2": 0.9696286545609681,
        "ABL_LSTM_Gated_Heavy (>10mm)_MAE": 2.481417753643436,
        "ABL_LSTM_Gated_Heavy (>10mm)_MSE": 14.437250166944299,
        "ABL_LSTM_Gated_Heavy (>10mm)_RMSE": 3.79963816263395,
        "ABL_LSTM_Gated_Heavy (>10mm)_MAPE": 8.406161126896995,
        "ABL_LSTM_Gated_Heavy (>10mm)_Bias": -2.1282652907111093,
        "ABL_LSTM_Gated_Heavy (>10mm)_NSE": 0.9696286564349944,
        "ABL_LSTM_Direct_Overall_R2": 0.9866471840139475,
        "ABL_LSTM_Direct_Overall_MAE": 0.6251416802406311,
        "ABL_LSTM_Direct_Overall_MSE": 2.7422332763671875,
        "ABL_LSTM_Direct_Overall_RMSE": 1.6559690237045288,
        "ABL_LSTM_Direct_Overall_MAPE": 34.1071754693985,
        "ABL_LSTM_Direct_Overall_Bias": -0.4604589641094208,
        "ABL_LSTM_Direct_Overall_NSE": 0.9866471821442246,
        "ABL_LSTM_Direct_Mod (0-10mm)_R2": 0.7701256862345682,
        "ABL_LSTM_Direct_Mod (0-10mm)_MAE": 0.8876108527183533,
        "ABL_LSTM_Direct_Mod (0-10mm)_MSE": 1.5742499828338623,
        "ABL_LSTM_Direct_Mod (0-10mm)_RMSE": 1.254691243171692,
        "ABL_LSTM_Direct_Mod (0-10mm)_MAPE": 53.645771741867065,
        "ABL_LSTM_Direct_Mod (0-10mm)_Bias": -0.6042596697807312,
        "ABL_LSTM_Direct_Mod (0-10mm)_NSE": 0.7701257020235062,
        "ABL_LSTM_Direct_Heavy (>10mm)_R2": 0.9696295821126882,
        "ABL_LSTM_Direct_Heavy (>10mm)_MAE": 2.4813590049743652,
        "ABL_LSTM_Direct_Heavy (>10mm)_MSE": 14.436809539794922,
        "ABL_LSTM_Direct_Heavy (>10mm)_RMSE": 3.7995800971984863,
        "ABL_LSTM_Direct_Heavy (>10mm)_MAPE": 8.405864238739014,