{
    "run_seed": 43,
    "metrics": {
        "BASELINE_Persistence_Overall_R2": 0.2540015244971854,
        "BASELINE_Persistence_Overall_MAE": 6.1934027671813965,
        "BASELINE_Persistence_Overall_MSE": 153.20376586914062,
        "BASELINE_Persistence_Overall_RMSE": 12.377551078796387,
        "BASELINE_Persistence_Overall_MAPE": 425.79002380371094,
        "BASELINE_Persistence_Overall_Bias": -0.03153175115585327,
        "BASELINE_Persistence_Overall_NSE": 0.2540014386177063,
        "BASELINE_Persistence_Mod (0-10mm)_R2": -14.646928966216562,
        "BASELINE_Persistence_Mod (0-10mm)_MAE": 6.798910140991211,
        "BASELINE_Persistence_Mod (0-10mm)_MSE": 107.15498352050781,
        "BASELINE_Persistence_Mod (0-10mm)_RMSE": 10.351569175720215,
        "BASELINE_Persistence_Mod (0-10mm)_MAPE": 707.3344707489014,
        "BASELINE_Persistence_Mod (0-10mm)_Bias": 5.5633320808410645,
        "BASELINE_Persistence_Mod (0-10mm)_NSE": -14.646927833557129,
        "BASELINE_Persistence_Heavy (>10mm)_R2": -0.4097617065756822,
        "BASELINE_Persistence_Heavy (>10mm)_MAE": 18.742856979370117,
        "BASELINE_Persistence_Heavy (>10mm)_MSE": 670.1409301757812,
        "BASELINE_Persistence_Heavy (>10mm)_RMSE": 25.887081146240234,
        "BASELINE_Persistence_Heavy (>10mm)_MAPE": 55.442988872528076,
        "BASELINE_Persistence_Heavy (>10mm)_Bias": -17.316129684448242,
        "BASELINE_Persistence_Heavy (>10mm)_NSE": -0.40976154804229736,
        "BASELINE_Climatology_Overall_R2": -0.09599192531607037,
        "BASELINE_Climatology_Overall_MAE": 6.191659450531006,
        "BASELINE_Climatology_Overall_MSE": 225.08102416992188,
        "BASELINE_Climatology_Overall_RMSE": 15.002700805664062,
        "BASELINE_Climatology_Overall_MAPE": 103.55404615402222,
        "BASELINE_Climatology_Overall_Bias": -4.440001010894775,
        "BASELINE_Climatology_Overall_NSE": -0.0959920883178711,
        "BASELINE_Climatology_Mod (0-10mm)_R2": -0.4950398002104781,
        "BASELINE_Climatology_Mod (0-10mm)_MAE": 2.315924644470215,
        "BASELINE_Climatology_Mod (0-10mm)_MSE": 10.238492965698242,
        "BASELINE_Climatology_Mod (0-10mm)_RMSE": 3.1997644901275635,
        "BASELINE_Climatology_Mod (0-10mm)_MAPE": 111.03990077972412,
        "BASELINE_Climatology_Mod (0-10mm)_Bias": -1.841245412826538,
        "BASELINE_Climatology_Mod (0-10mm)_NSE": -0.495039701461792,
        "BASELINE_Climatology_Heavy (>10mm)_R2": -1.824103267278132,
        "BASELINE_Climatology_Heavy (>10mm)_MAE": 29.44658660888672,
        "BASELINE_Climatology_Heavy (>10mm)_MSE": 1342.4588623046875,
        "BASELINE_Climatology_Heavy (>10mm)_RMSE": 36.63957977294922,
        "BASELINE_Climatology_Heavy (>10mm)_MAPE": 93.70704293251038,
        "BASELINE_Climatology_Heavy (>10mm)_Bias": -29.44658660888672,
        "BASELINE_Climatology_Heavy (>10mm)_NSE": -1.8241028785705566,
        "ABL_TCN_Gated_Overall_R2": 0.9563350219033221,
        "ABL_TCN_Gated_Overall_MAE": 1.278616759464192,
        "ABL_TCN_Gated_Overall_MSE": 8.967362803905633,
        "ABL_TCN_Gated_Overall_RMSE": 2.9945555269364488,
        "ABL_TCN_Gated_Overall_MAPE": 50.20188921723846,
        "ABL_TCN_Gated_Overall_Bias": -0.15452713155761252,
        "ABL_TCN_Gated_Overall_NSE": 0.9563350181099112,
        "ABL_TCN_Gated_Mod (0-10mm)_R2": 0.09728483781821073,
        "ABL_TCN_Gated_Mod (0-10mm)_MAE": 1.8379134079031592,
        "ABL_TCN_Gated_Mod (0-10mm)_MSE": 6.182071348586443,
        "ABL_TCN_Gated_Mod (0-10mm)_RMSE": 2.4863771533269934,
        "ABL_TCN_Gated_Mod (0-10mm)_MAPE": 72.0379740900681,
        "ABL_TCN_Gated_Mod (0-10mm)_Bias": -1.0966093981543628,
        "ABL_TCN_Gated_Mod (0-10mm)_NSE": 0.09728487864134783,
        "ABL_TCN_Gated_Heavy (>10mm)_R2": 0.903216782701656,
        "ABL_TCN_Gated_Heavy (>10mm)_MAE": 5.089071483863322,
        "ABL_TCN_Gated_Heavy (>10mm)_MSE": 46.006638820228154,
        "ABL_TCN_Gated_Heavy (>10mm)_RMSE": 6.782819385788491,
        "ABL_TCN_Gated_Heavy (>10mm)_MAPE": 21.478437072691932,
        "ABL_TCN_Gated_Heavy (>10mm)_Bias": 0.27326445120125387,
        "ABL_TCN_Gated_Heavy (>10mm)_NSE": 0.9032167886735447,
        "ABL_TCN_Direct_Overall_R2": 0.9576966489870908,
        "ABL_TCN_Direct_Overall_MAE": 1.3190548419952393,
        "ABL_TCN_Direct_Overall_MSE": 8.687728881835938,
        "ABL_TCN_Direct_Overall_RMSE": 2.947495460510254,
        "ABL_TCN_Direct_Overall_MAPE": 49.89211559295654,
        "ABL_TCN_Direct_Overall_Bias": -0.0039445278234779835,
        "ABL_TCN_Direct_Overall_NSE": 0.9576966464519501,
        "ABL_TCN_Direct_Mod (0-10mm)_R2": 0.18976666784316254,
        "ABL_TCN_Direct_Mod (0-10mm)_MAE": 1.729694128036499,
        "ABL_TCN_Direct_Mod (0-10mm)_MSE": 5.548727512359619,
        "ABL_TCN_Direct_Mod (0-10mm)_RMSE": 2.3555736541748047,
        "ABL_TCN_Direct_Mod (0-10mm)_MAPE": 71.69492244720459,
        "ABL_TCN_Direct_Mod (0-10mm)_Bias": -0.8163014650344849,
        "ABL_TCN_Direct_Mod (0-10mm)_NSE": 0.18976670503616333,
        "ABL_TCN_Direct_Heavy (>10mm)_R2": 0.9055957531116225,
        "ABL_TCN_Direct_Heavy (>10mm)_MAE": 5.0496602058410645,
        "ABL_TCN_Direct_Heavy (>10mm)_MSE": 44.87577819824219,
        "ABL_TCN_Direct_Heavy (>10mm)_RMSE": 6.698938369750977,
        "ABL_TCN_Direct_Heavy (>10mm)_MAPE": 21.212436258792877,
        "ABL_TCN_Direct_Heavy (>10mm)_Bias": 0.3895688056945801,
        "ABL_TCN_Direct_Heavy (>10mm)_NSE": 0.9055957570672035,
        "ABL_LSTM_Gated_Overall_R2": 0.9902970659850012,
        "ABL_LSTM_Gated_Overall_MAE": 0.5765561733217985,
        "ABL_LSTM_Gated_Overall_MSE": 1.992666282396924,
        "ABL_LSTM_Gated_Overall_RMSE": 1.4116183203674157,
        "ABL_LSTM_Gated_Overall_MAPE": 36.363887504566456,
        "ABL_LSTM_Gated_Overall_Bias": 0.1069074206117851,
        "ABL_LSTM_Gated_Overall_NSE": 0.9902970651420553,
        "ABL_LSTM_Gated_Mod (0-10mm)_R2": 0.7213614820321245,
        "ABL_LSTM_Gated_Mod (0-10mm)_MAE": 0.9316811692437085,
        "ABL_LSTM_Gated_Mod (0-10mm)_MSE": 1.908202355190863,
        "ABL_LSTM_Gated_Mod (0-10mm)_RMSE": 1.3813769779429736,
        "ABL_LSTM_Gated_Mod (0-10mm)_MAPE": 58.34873190145572,
        "ABL_LSTM_Gated_Mod (0-10mm)_Bias": -0.18608199584126456,
        "ABL_LSTM_Gated_Mod (0-10mm)_NSE": 0.7213614946328859,
        "ABL_LSTM_Gated_Heavy (>10mm)_R2": 0.9809711341911108,
        "ABL_LSTM_Gated_Heavy (>10mm)_MAE": 1.9432106333967247,
        "ABL_LSTM_Gated_Heavy (>10mm)_MSE": 9.045516163504622,
        "ABL_LSTM_Gated_Heavy (>10mm)_RMSE": 3.0075764601260966,
        "ABL_LSTM_Gated_Heavy (>10mm)_MAPE": 7.44475526923183,
        "ABL_LSTM_Gated_Heavy (>10mm)_Bias": 0.5703874730346185,
        "ABL_LSTM_Gated_Heavy (>10mm)_NSE": 0.9809711353652635,
        "ABL_LSTM_Direct_Overall_R2": 0.9903352648404616,
        "ABL_LSTM_Direct_Overall_MAE": 0.5873517394065857,
        "ABL_LSTM_Direct_Overall_MSE": 1.9848216772079468,
        "ABL_LSTM_Direct_Overall_RMSE": 1.4088369607925415,
        "ABL_LSTM_Direct_Overall_MAPE": 35.19534170627594,
        "ABL_LSTM_Direct_Overall_Bias": 0.13098753988742828,
        "ABL_LSTM_Direct_Overall_NSE": 0.990335263311863,
        "ABL_LSTM_Direct_Mod (0-10mm)_R2": 0.7310323415674058,
        "ABL_LSTM_Direct_Mod (0-10mm)_MAE": 0.9073037505149841,
        "ABL_LSTM_Direct_Mod (0-10mm)_MSE": 1.8419733047485352,
        "ABL_LSTM_Direct_Mod (0-10mm)_RMSE": 1.357193112373352,
        "ABL_LSTM_Direct_Mod (0-10mm)_MAPE": 56.29172921180725,
        "ABL_LSTM_Direct_Mod (0-10mm)_Bias": -0.14954639971256256,
        "ABL_LSTM_Direct_Mod (0-10mm)_NSE": 0.7310323417186737,
        "ABL_LSTM_Direct_Heavy (>10mm)_R2": 0.9809716304122275,
        "ABL_LSTM_Direct_Heavy (>10mm)_MAE": 1.9432289600372314,
        "ABL_LSTM_Direct_Heavy (>10mm)_MSE": 9.045280456542969,
        "ABL_LSTM_Direct_Heavy (>10mm)_RMSE": 3.007537364959717,
        "ABL_LSTM_Direct_Heavy (>10mm)_MAPE": 7.4449025094509125,